#VRML V2.0 utf8
# 3D model generated by easyeda2kicad.py (https://github.com/uPesy/easyeda2kicad.py)

Shape{
    appearance Appearance {
        material  Material 	{
            diffuseColor 0.8509803921568627 0.8509803921568627 0.8509803921568627
            specularColor 0.4235294117647059 0.4235294117647059 0.4235294117647059
            ambientIntensity 0.851
            transparency 0.0
            shininess 0.5
        }
    }
    geometry IndexedFaceSet {
        ccw TRUE
        solid FALSE
        coord DEF co Coordinate {
            point [
                1.9368 0.0 1.5748, 1.9237 0.2249 1.1811, 1.9237 0.2249 1.5748, 1.8846 0.4467 1.1811, 1.8846 0.4467 1.5748, 1.82 0.6625 1.1811, 1.82 0.6625 1.5748, 1.7308 0.8693 1.1811, 1.7308 0.8693 1.5748, 1.6181 1.0644 1.1811, 1.6181 1.0644 1.5748, 1.4836 1.2451 1.1811, 1.4836 1.2451 1.5748, 1.329 1.4089 1.1811, 1.329 1.4089 1.5748, 1.1565 1.5537 1.1811, 1.1565 1.5537 1.5748, 0.9683 1.6775 1.1811, 0.9683 1.6775 1.5748, 0.767 1.7786 1.1811, 0.767 1.7786 1.5748, 0.5553 1.8556 1.1811, 0.5553 1.8556 1.5748, 0.3362 1.9076 1.1811, 0.3362 1.9076 1.5748, 0.1124 1.9337 1.1811, 0.1124 1.9337 1.5748, -0.1128 1.9337 1.1811, -0.1128 1.9337 1.5748, -0.3366 1.9076 1.1811, -0.3366 1.9076 1.5748, -0.5557 1.8556 1.1811, -0.5557 1.8556 1.5748, -0.7674 1.7786 1.1811, -0.7674 1.7786 1.5748, -0.9687 1.6775 1.1811, -0.9687 1.6775 1.5748, -1.1569 1.5537 1.1811, -1.1569 1.5537 1.5748, -1.3294 1.4089 1.1811, -1.3294 1.4089 1.5748, -1.484 1.2451 1.1811, -1.484 1.2451 1.5748, -1.6185 1.0644 1.1811, -1.6185 1.0644 1.5748, -1.7311 0.8693 1.1811, -1.7311 0.8693 1.5748, -1.8204 0.6625 1.1811, -1.8204 0.6625 1.5748, -1.885 0.4467 1.1811, -1.885 0.4467 1.5748, -1.9241 0.2249 1.1811, -1.9241 0.2249 1.5748, -1.9372 0.0 1.1811, -1.9372 0.0 1.5748, -1.9241 -0.2249 1.1811, -1.9241 -0.2249 1.5748, -1.885 -0.4467 1.1811, -1.885 -0.4467 1.5748, -1.8204 -0.6625 1.1811, -1.8204 -0.6625 1.5748, -1.7311 -0.8693 1.1811, -1.7311 -0.8693 1.5748, -1.6185 -1.0644 1.1811, -1.6185 -1.0644 1.5748, -1.484 -1.2451 1.1811, -1.484 -1.2451 1.5748, -1.3294 -1.4089 1.1811, -1.3294 -1.4089 1.5748, -1.1569 -1.5537 1.1811, -1.1569 -1.5537 1.5748, -0.9687 -1.6775 1.1811, -0.9687 -1.6775 1.5748, -0.7674 -1.7786 1.1811, -0.7674 -1.7786 1.5748, -0.5557 -1.8556 1.1811, -0.5557 -1.8556 1.5748, -0.3366 -1.9076 1.1811, -0.3366 -1.9076 1.5748, -0.1128 -1.9337 1.1811, -0.1128 -1.9337 1.5748, 0.1124 -1.9337 1.1811, 0.1124 -1.9337 1.5748, 0.3362 -1.9076 1.1811, 0.3362 -1.9076 1.5748, 0.5553 -1.8556 1.1811, 0.5553 -1.8556 1.5748, 0.767 -1.7786 1.1811, 0.767 -1.7786 1.5748, 0.9683 -1.6775 1.1811, 0.9683 -1.6775 1.5748, 1.1565 -1.5537 1.1811, 1.1565 -1.5537 1.5748, 1.329 -1.4089 1.1811, 1.329 -1.4089 1.5748, 1.4836 -1.2451 1.1811, 1.4836 -1.2451 1.5748, 1.6181 -1.0644 1.1811, 1.6181 -1.0644 1.5748, 1.7308 -0.8693 1.1811, 1.7308 -0.8693 1.5748, 1.82 -0.6625 1.1811, 1.82 -0.6625 1.5748, 1.8846 -0.4467 1.1811, 1.8846 -0.4467 1.5748, 1.9237 -0.2249 1.1811, 1.9237 -0.2249 1.5748, 1.9368 0.0 1.1811, -0.0002 0.0 1.1811, -0.0002 0.0 1.5748
            ]
        }
        coordIndex [
            0,1,2,-1,2,1,3,-1,2,3,4,-1,4,3,5,-1,4,5,6,-1,6,5,7,-1,6,7,8,-1,8,7,9,-1,8,9,10,-1,10,9,11,-1,10,11,12,-1,12,11,13,-1,12,13,14,-1,14,13,15,-1,14,15,16,-1,16,15,17,-1,16,17,18,-1,18,17,19,-1,18,19,20,-1,20,19,21,-1,20,21,22,-1,22,21,23,-1,22,23,24,-1,24,23,25,-1,24,25,26,-1,26,25,27,-1,26,27,28,-1,28,27,29,-1,28,29,30,-1,30,29,31,-1,30,31,32,-1,32,31,33,-1,32,33,34,-1,34,33,35,-1,34,35,36,-1,36,35,37,-1,36,37,38,-1,38,37,39,-1,38,39,40,-1,40,39,41,-1,40,41,42,-1,42,41,43,-1,42,43,44,-1,44,43,45,-1,44,45,46,-1,46,45,47,-1,46,47,48,-1,48,47,49,-1,48,49,50,-1,50,49,51,-1,50,51,52,-1,52,51,53,-1,52,53,54,-1,54,53,55,-1,54,55,56,-1,56,55,57,-1,56,57,58,-1,58,57,59,-1,58,59,60,-1,60,59,61,-1,60,61,62,-1,62,61,63,-1,62,63,64,-1,64,63,65,-1,64,65,66,-1,66,65,67,-1,66,67,68,-1,68,67,69,-1,68,69,70,-1,70,69,71,-1,70,71,72,-1,72,71,73,-1,72,73,74,-1,74,73,75,-1,74,75,76,-1,76,75,77,-1,76,77,78,-1,78,77,79,-1,78,79,80,-1,80,79,81,-1,80,81,82,-1,82,81,83,-1,82,83,84,-1,84,83,85,-1,84,85,86,-1,86,85,87,-1,86,87,88,-1,88,87,89,-1,88,89,90,-1,90,89,91,-1,90,91,92,-1,92,91,93,-1,92,93,94,-1,94,93,95,-1,94,95,96,-1,96,95,97,-1,96,97,98,-1,98,97,99,-1,98,99,100,-1,100,99,101,-1,100,101,102,-1,102,101,103,-1,102,103,104,-1,104,103,105,-1,104,105,106,-1,106,105,107,-1,106,107,0,-1,0,107,1,-1,57,55,108,-1,108,55,53,-1,108,53,51,-1,63,61,108,-1,108,61,59,-1,108,59,57,-1,69,67,108,-1,108,67,65,-1,108,65,63,-1,75,73,108,-1,108,73,71,-1,108,71,69,-1,81,79,108,-1,108,79,77,-1,108,77,75,-1,87,85,108,-1,108,85,83,-1,108,83,81,-1,93,91,108,-1,108,91,89,-1,108,89,87,-1,99,97,108,-1,108,97,95,-1,108,95,93,-1,105,103,108,-1,108,103,101,-1,108,101,99,-1,3,1,108,-1,108,1,107,-1,108,107,105,-1,9,7,108,-1,108,7,5,-1,108,5,3,-1,15,13,108,-1,108,13,11,-1,108,11,9,-1,21,19,108,-1,108,19,17,-1,108,17,15,-1,27,25,108,-1,108,25,23,-1,108,23,21,-1,33,31,108,-1,108,31,29,-1,108,29,27,-1,39,37,108,-1,108,37,35,-1,108,35,33,-1,45,43,108,-1,108,43,41,-1,108,41,39,-1,51,49,108,-1,108,49,47,-1,108,47,45,-1,50,52,109,-1,109,52,54,-1,109,54,56,-1,44,46,109,-1,109,46,48,-1,109,48,50,-1,38,40,109,-1,109,40,42,-1,109,42,44,-1,32,34,109,-1,109,34,36,-1,109,36,38,-1,26,28,109,-1,109,28,30,-1,109,30,32,-1,20,22,109,-1,109,22,24,-1,109,24,26,-1,14,16,109,-1,109,16,18,-1,109,18,20,-1,8,10,109,-1,109,10,12,-1,109,12,14,-1,2,4,109,-1,109,4,6,-1,109,6,8,-1,104,106,109,-1,109,106,0,-1,109,0,2,-1,98,100,109,-1,109,100,102,-1,109,102,104,-1,92,94,109,-1,109,94,96,-1,109,96,98,-1,86,88,109,-1,109,88,90,-1,109,90,92,-1,80,82,109,-1,109,82,84,-1,109,84,86,-1,74,76,109,-1,109,76,78,-1,109,78,80,-1,68,70,109,-1,109,70,72,-1,109,72,74,-1,62,64,109,-1,109,64,66,-1,109,66,68,-1,56,58,109,-1,109,58,60,-1,109,60,62,-1,
        ]
    }
}
Shape{
    appearance Appearance {
        material  Material 	{
            diffuseColor 0.2235294117647059 0.2235294117647059 0.2235294117647059
            specularColor 0.11372549019607843 0.11372549019607843 0.11372549019607843
            ambientIntensity 0.2235
            transparency 0.0
            shininess 0.5
        }
    }
    geometry IndexedFaceSet {
        ccw TRUE
        solid FALSE
        coord DEF co Coordinate {
            point [
                0.2951 -2.165 0.1969, 0.2951 -2.165 0.3937, 0.2951 -2.4021 0.1969, 0.2951 -2.4021 0.3937, -0.2955 -2.4021 0.1969, -0.2955 -2.4021 0.3937, -0.2955 -2.165 0.1969, -0.2955 -2.165 0.3937, -0.5231 -2.1215 0.7874, -0.2636 -2.1691 0.7874, 0.2632 -2.1691 0.3937, 0.5227 -2.1215 0.7874, 0.2632 -2.1691 0.7874, -0.0002 -2.185 0.7874, -0.0002 -2.185 0.3937, -0.2636 -2.1691 0.3937, -0.5231 -2.1215 0.1969, -0.775 -2.043 0.7874, -0.775 -2.043 0.1969, -1.0156 -1.9348 0.7874, -1.0156 -1.9348 0.1969, -1.2414 -1.7983 0.7874, -1.2414 -1.7983 0.1969, -1.4491 -1.6355 0.7874, -1.4491 -1.6355 0.1969, -1.6357 -1.4489 0.7874, -1.6357 -1.4489 0.1969, -1.7985 -1.2412 0.7874, -1.7985 -1.2412 0.1969, -1.935 -1.0154 0.7874, -1.935 -1.0154 0.1969, -2.0432 -0.7748 0.7874, -2.0432 -0.7748 0.1969, -2.1217 -0.5229 0.7874, -2.1217 -0.5229 0.1969, -2.1693 -0.2634 0.7874, -2.1693 -0.2634 0.1969, -2.1852 0.0 0.7874, -2.1852 0.0 0.1969, -2.1693 0.2634 0.7874, -2.1693 0.2634 0.1969, -2.1217 0.5229 0.7874, -2.1217 0.5229 0.1969, -2.0432 0.7748 0.7874, -2.0432 0.7748 0.1969, -1.935 1.0154 0.7874, -1.935 1.0154 0.1969, -1.7985 1.2412 0.7874, -1.7985 1.2412 0.1969, -1.6357 1.4489 0.7874, -1.6357 1.4489 0.1969, -1.4491 1.6355 0.7874, -1.4491 1.6355 0.1969, -1.2414 1.7983 0.7874, -1.2414 1.7983 0.1969, -1.0156 1.9348 0.7874, -1.0156 1.9348 0.1969, -0.775 2.043 0.7874, -0.775 2.043 0.1969, -0.5231 2.1215 0.7874, -0.5231 2.1215 0.1969, -0.2636 2.1691 0.7874, -0.2636 2.1691 0.1969, -0.0002 2.185 0.7874, -0.0002 2.185 0.1969, 0.2632 2.1691 0.7874, 0.2632 2.1691 0.1969, 0.5227 2.1215 0.7874, 0.5227 2.1215 0.1969, 0.7746 2.043 0.7874, 0.7746 2.043 0.1969, 1.0152 1.9348 0.7874, 1.0152 1.9348 0.1969, 1.241 1.7983 0.7874, 1.241 1.7983 0.1969, 1.4488 1.6355 0.7874, 1.4488 1.6355 0.1969, 1.6353 1.4489 0.7874, 1.6353 1.4489 0.1969, 1.7981 1.2412 0.7874, 1.7981 1.2412 0.1969, 1.9346 1.0154 0.7874, 1.9346 1.0154 0.1969, 2.0428 0.7748 0.7874, 2.0428 0.7748 0.1969, 2.1213 0.5229 0.7874, 2.1213 0.5229 0.1969, 2.1689 0.2634 0.7874, 2.1689 0.2634 0.1969, 2.1848 0.0 0.7874, 2.1848 0.0 0.1969, 2.1689 -0.2634 0.7874, 2.1689 -0.2634 0.1969, 2.1213 -0.5229 0.7874, 2.1213 -0.5229 0.1969, 2.0428 -0.7748 0.7874, 2.0428 -0.7748 0.1969, 1.9346 -1.0154 0.7874, 1.9346 -1.0154 0.1969, 1.7981 -1.2412 0.7874, 1.7981 -1.2412 0.1969, 1.6353 -1.4489 0.7874, 1.6353 -1.4489 0.1969, 1.4488 -1.6355 0.7874, 1.4488 -1.6355 0.1969, 1.241 -1.7983 0.7874, 1.241 -1.7983 0.1969, 1.0152 -1.9348 0.7874, 1.0152 -1.9348 0.1969, 0.7746 -2.043 0.7874, 0.7746 -2.043 0.1969, 0.5227 -2.1215 0.1969, -0.0002 0.0 0.7874, -0.041 -1.5242 0.1969, -0.0789 -1.5085 0.1969, -0.1116 -1.4835 0.1969, -0.1366 -1.4509 0.1969, -0.1523 -1.4129 0.1969, -0.1577 -1.3721 0.1969, 1.4767 0.7623 0.1969, 0.0406 1.22 0.1969, 0.0785 1.2357 0.1969, -0.1523 -1.3314 0.1969, 0.4919 0.0 0.1969, -0.933 -0.7069 0.1969, -0.7978 -0.6227 0.1969, -0.0789 1.2357 0.1969, -0.6823 0.5129 0.1969, -0.1116 1.2608 0.1969, -0.7978 0.6227 0.1969, -0.1366 1.2934 0.1969, -0.041 1.22 0.1969, -0.5284 0.2357 0.1969, -0.5913 0.3821 0.1969, 1.3192 0.7864 0.1969, 1.1601 0.7783 0.1969, 1.0059 0.7384 0.1969, -0.1523 1.3314 0.1969, -0.1577 1.3721 0.1969, -0.0002 1.2146 0.1969, -0.5284 -0.2357 0.1969, -0.4964 -0.0797 0.1969, -0.933 0.7069 0.1969, -1.0824 0.7623 0.1969, -1.6962 0.6682 0.1969, -1.8222 0.5707 0.1969, -0.4923 0.0 0.1969, -0.4964 0.0797 0.1969, 0.8628 0.6682 0.1969, 0.7368 0.5707 0.1969, -0.1116 -1.2608 0.1969, -0.1366 -1.2934 0.1969, -1.5532 -0.7384 0.1969, 0.0406 -1.22 0.1969, 0.0785 -1.2357 0.1969, 0.1112 -1.2608 0.1969, -1.2398 0.7864 0.1969, -1.399 0.7783 0.1969, -1.5532 0.7384 0.1969, -0.6823 -0.5129 0.1969, -0.5913 -0.3821 0.1969, 0.508 0.1585 0.1969, 0.5557 0.3105 0.1969, 0.6331 0.4498 0.1969, -0.0002 -1.5296 0.1969, 0.0406 -1.5242 0.1969, 0.0785 -1.5085 0.1969, 0.1112 -1.4835 0.1969, 0.1362 -1.4509 0.1969, 0.1519 -1.4129 0.1969, 0.1573 -1.3721 0.1969, 1.0059 -0.7384 0.1969, 1.1601 -0.7783 0.1969, 0.1519 -1.3314 0.1969, 0.1573 1.3721 0.1969, 0.1519 1.3314 0.1969, -1.926 0.4498 0.1969, -2.0033 0.3105 0.1969, -2.051 0.1585 0.1969, -2.0671 0.0 0.1969, -2.051 -0.1585 0.1969, -0.1523 1.4129 0.1969, -0.1366 1.4509 0.1969, -0.1116 1.4835 0.1969, -0.0789 1.5085 0.1969, -0.041 1.5242 0.1969, -0.0002 1.5296 0.1969, 0.0406 1.5242 0.1969, 0.0785 1.5085 0.1969, 0.1112 1.4835 0.1969, 0.1362 1.4509 0.1969, 0.1519 1.4129 0.1969, -0.0789 -1.2357 0.1969, -1.399 -0.7783 0.1969, -1.2398 -0.7864 0.1969, -0.0002 -1.2146 0.1969, -0.041 -1.22 0.1969, -1.0824 -0.7623 0.1969, -1.8222 -0.5707 0.1969, -1.926 -0.4498 0.1969, -2.0033 -0.3105 0.1969, -1.6962 -0.6682 0.1969, 0.1362 -1.2934 0.1969, 0.508 -0.1585 0.1969, 0.5557 -0.3105 0.1969, 0.6331 -0.4498 0.1969, 0.7368 -0.5707 0.1969, 0.8628 -0.6682 0.1969, 1.7613 0.6227 0.1969, 1.6261 0.7069 0.1969, 0.1362 1.2934 0.1969, 0.1112 1.2608 0.1969, 1.3192 -0.7864 0.1969, 1.4767 -0.7623 0.1969, 1.6261 -0.7069 0.1969, 1.7613 -0.6227 0.1969, 1.8768 -0.5129 0.1969, 1.9678 -0.3821 0.1969, 2.0306 -0.2357 0.1969, 2.0627 -0.0797 0.1969, 2.0667 0.0 0.1969, 2.0627 0.0797 0.1969, 2.0306 0.2357 0.1969, 1.9678 0.3821 0.1969, 1.8768 0.5129 0.1969, 0.4999 -0.1121 0.0787, 0.5568 -0.3101 0.0787, 0.5238 -0.2218 0.0787, 0.51 -0.1581 0.0787, 0.5631 -0.3271 0.0787, 0.6169 -0.4257 0.0787, 0.6343 -0.4489 0.0787, 0.6843 -0.5156 0.0787, 0.7381 -0.5695 0.0787, 0.7637 -0.5951 0.0787, 0.8536 -0.6624 0.0787, 0.8632 -0.6676 0.0787, 0.9522 -0.7162 0.0787, 1.1602 -0.7778 0.0787, 1.0575 -0.7555 0.0787, 1.0066 -0.7365 0.0787, 1.1673 -0.7794 0.0787, 1.2793 -0.7874 0.0787, 1.4764 -0.7609 0.0787, 1.3914 -0.7794 0.0787, 1.3191 -0.7846 0.0787, 1.5012 -0.7555 0.0787, 1.6064 -0.7162 0.0787, 1.6255 -0.7058 0.0787, 1.705 -0.6624 0.0787, 1.7602 -0.6211 0.0787, 1.795 -0.5951 0.0787, 1.8744 -0.5156 0.0787, 1.8766 -0.5127 0.0787, 1.9417 -0.4257 0.0787, 2.0298 -0.2354 0.0787, 1.9956 -0.3271 0.0787, 1.966 -0.3812 0.0787, 2.0348 -0.2218 0.0787, 2.0587 -0.1121 0.0787, 2.061 -0.0795 0.0787, 2.0667 0.0 0.0787, 2.061 0.0795 0.0787, 2.0587 0.1121 0.0787, 2.0348 0.2218 0.0787, 2.0298 0.2354 0.0787, 1.9956 0.3271 0.0787, 1.8766 0.5127 0.0787, 1.9417 0.4257 0.0787, 1.966 0.3812 0.0787, 1.8744 0.5156 0.0787, 1.795 0.5951 0.0787, 1.6255 0.7058 0.0787, 1.705 0.6624 0.0787, 1.7602 0.6211 0.0787, 1.6064 0.7162 0.0787, 1.5012 0.7555 0.0787, 1.4764 0.7609 0.0787, 1.3914 0.7794 0.0787, 1.3191 0.7846 0.0787, 1.2793 0.7874 0.0787, 1.1673 0.7794 0.0787, 1.1602 0.7778 0.0787, 1.0575 0.7555 0.0787, 0.8632 0.6676 0.0787, 0.9522 0.7162 0.0787, 1.0066 0.7365 0.0787, 0.8536 0.6624 0.0787, 0.7637 0.5951 0.0787, 0.6343 0.4489 0.0787, 0.6843 0.5156 0.0787, 0.7381 0.5695 0.0787, 0.6169 0.4257 0.0787, 0.5631 0.3271 0.0787, 0.5568 0.3101 0.0787, 0.5238 0.2218 0.0787, 0.51 0.1581 0.0787, 0.4999 0.1121 0.0787, 0.4919 0.0 0.0787, 0.8153 -0.5356 0.0, 0.7438 -0.4641 0.0, 1.1218 -0.0591 0.0, 0.8962 -0.5962 0.0, 1.9808 -0.1009 0.0, 1.9593 -0.1997 0.0, 1.4368 -0.0591 0.0, 1.924 -0.2944 0.0, 1.7434 -0.5356 0.0, 1.6625 -0.5962 0.0, 1.5737 -0.6446 0.0, 1.8755 -0.3831 0.0, 1.8149 -0.4641 0.0, 1.8149 0.4641 0.0, 1.8755 0.3831 0.0, 1.4368 0.0591 0.0, 1.924 0.2944 0.0, 0.6832 -0.3831 0.0, 0.6347 -0.2944 0.0, 0.5994 -0.1997 0.0, 1.479 -0.68 0.0, 1.3802 -0.7014 0.0, 1.2793 -0.7087 0.0, 1.1785 -0.7014 0.0, 1.9593 0.1997 0.0, 1.9808 0.1009 0.0, 1.988 0.0 0.0, 0.7438 0.4641 0.0, 0.8153 0.5356 0.0, 1.1218 0.0591 0.0, 0.8962 0.5962 0.0, 0.9849 0.6446 0.0, 0.5779 -0.1009 0.0, 0.5707 -0.0 0.0, 0.5779 0.1009 0.0, 0.5994 0.1997 0.0, 1.0797 -0.68 0.0, 0.9849 -0.6446 0.0, 1.0797 0.68 0.0, 1.1785 0.7014 0.0, 1.2793 0.7087 0.0, 1.3802 0.7014 0.0, 1.479 0.68 0.0, 1.5737 0.6446 0.0, 0.6347 0.2944 0.0, 0.6832 0.3831 0.0, 1.6625 0.5962 0.0, 1.7434 0.5356 0.0, -2.0591 -0.1121 0.0787, -2.0023 -0.3101 0.0787, -2.0352 -0.2218 0.0787, -2.0491 -0.1581 0.0787, -1.996 -0.3271 0.0787, -1.9421 -0.4257 0.0787, -1.9248 -0.4489 0.0787, -1.8748 -0.5156 0.0787, -1.821 -0.5695 0.0787, -1.7954 -0.5951 0.0787, -1.7054 -0.6624 0.0787, -1.6959 -0.6676 0.0787, -1.6068 -0.7162 0.0787, -1.3989 -0.7778 0.0787, -1.5016 -0.7555 0.0787, -1.5525 -0.7365 0.0787, -1.3918 -0.7794 0.0787, -1.2797 -0.7874 0.0787, -1.0827 -0.7609 0.0787, -1.1677 -0.7794 0.0787, -1.24 -0.7846 0.0787, -1.0579 -0.7555 0.0787, -0.9526 -0.7162 0.0787, -0.9336 -0.7058 0.0787, -0.854 -0.6624 0.0787, -0.7989 -0.6211 0.0787, -0.7641 -0.5951 0.0787, -0.6846 -0.5156 0.0787, -0.6825 -0.5127 0.0787, -0.6173 -0.4257 0.0787, -0.5293 -0.2354 0.0787, -0.5635 -0.3271 0.0787, -0.593 -0.3812 0.0787, -0.5242 -0.2218 0.0787, -0.5003 -0.1121 0.0787, -0.498 -0.0795 0.0787, -0.4923 0.0 0.0787, -0.498 0.0795 0.0787, -0.5003 0.1121 0.0787, -0.5242 0.2218 0.0787, -0.5293 0.2354 0.0787, -0.5635 0.3271 0.0787, -0.6825 0.5127 0.0787, -0.6173 0.4257 0.0787, -0.593 0.3812 0.0787, -0.6846 0.5156 0.0787, -0.7641 0.5951 0.0787, -0.9336 0.7058 0.0787, -0.854 0.6624 0.0787, -0.7989 0.6211 0.0787, -0.9526 0.7162 0.0787, -1.0579 0.7555 0.0787, -1.0827 0.7609 0.0787, -1.1677 0.7794 0.0787, -1.24 0.7846 0.0787, -1.2797 0.7874 0.0787, -1.3918 0.7794 0.0787, -1.3989 0.7778 0.0787, -1.5016 0.7555 0.0787, -1.6959 0.6676 0.0787, -1.6068 0.7162 0.0787, -1.5525 0.7365 0.0787, -1.7054 0.6624 0.0787, -1.7954 0.5951 0.0787, -1.9248 0.4489 0.0787, -1.8748 0.5156 0.0787, -1.821 0.5695 0.0787, -1.9421 0.4257 0.0787, -1.996 0.3271 0.0787, -2.0023 0.3101 0.0787, -2.0352 0.2218 0.0787, -2.0491 0.1581 0.0787, -2.0591 0.1121 0.0787, -2.0671 0.0 0.0787, -1.0801 0.68 0.0, -0.9853 0.6446 0.0, -1.2101 0.1531 0.0, -0.8157 -0.5356 0.0, -0.8966 -0.5962 0.0, -1.3493 -0.1531 0.0, -1.6629 0.5962 0.0, -1.5741 0.6446 0.0, -1.4794 0.68 0.0, -1.3806 0.7014 0.0, -1.2797 0.7087 0.0, -1.1789 0.7014 0.0, -0.8966 0.5962 0.0, -0.8157 0.5356 0.0, -1.1266 0.0696 0.0, -1.9884 0.0 0.0, -1.9812 0.1009 0.0, -1.4328 -0.0696 0.0, -1.9597 0.1997 0.0, -1.9243 0.2944 0.0, -1.9243 -0.2944 0.0, -1.9597 -0.1997 0.0, -1.9812 -0.1009 0.0, -0.9853 -0.6446 0.0, -1.0801 -0.68 0.0, -1.1789 -0.7014 0.0, -1.4794 -0.68 0.0, -1.5741 -0.6446 0.0, -1.6629 -0.5962 0.0, -1.7438 -0.5356 0.0, -1.8153 -0.4641 0.0, -1.8759 -0.3831 0.0, -1.2797 -0.7087 0.0, -1.3806 -0.7014 0.0, -0.7442 0.4641 0.0, -0.6836 0.3831 0.0, -0.6351 0.2944 0.0, -1.8759 0.3831 0.0, -1.8153 0.4641 0.0, -1.7438 0.5356 0.0, -0.5711 0.0 0.0, -0.5783 -0.1009 0.0, -0.7442 -0.4641 0.0, -0.6836 -0.3831 0.0, -0.5998 0.1997 0.0, -0.5783 0.1009 0.0, -0.5998 -0.1997 0.0, -0.6351 -0.2944 0.0, -0.1577 1.3721 0.0787, -0.1523 1.4129 0.0787, -0.1366 1.4509 0.0787, -0.1116 1.4835 0.0787, -0.0789 1.5085 0.0787, -0.041 1.5242 0.0787, -0.0002 1.5296 0.0787, 0.0406 1.5242 0.0787, 0.0785 1.5085 0.0787, 0.1112 1.4835 0.0787, 0.1362 1.4509 0.0787, 0.1519 1.4129 0.0787, 0.1573 1.3721 0.0787, 0.1519 1.3314 0.0787, 0.1362 1.2934 0.0787, 0.1112 1.2608 0.0787, 0.0785 1.2357 0.0787, 0.0406 1.22 0.0787, -0.0002 1.2146 0.0787, -0.041 1.22 0.0787, -0.0789 1.2357 0.0787, -0.1116 1.2608 0.0787, -0.1366 1.2934 0.0787, -0.1523 1.3314 0.0787, -0.0684 1.3328 0.0, -0.0763 1.3518 0.0, -0.0002 1.3721 0.0, -0.0789 1.3721 0.0, -0.0763 1.3925 0.0, -0.0206 1.2961 0.0, -0.0396 1.3039 0.0, -0.0559 1.3165 0.0, 0.0392 1.3039 0.0, 0.0202 1.2961 0.0, -0.0002 1.2934 0.0, 0.0759 1.3518 0.0, 0.068 1.3328 0.0, 0.0555 1.3165 0.0, 0.068 1.4115 0.0, 0.0759 1.3925 0.0, 0.0785 1.3721 0.0, 0.0202 1.4482 0.0, 0.0392 1.4403 0.0, 0.0555 1.4278 0.0, -0.0396 1.4403 0.0, -0.0206 1.4482 0.0, -0.0002 1.4509 0.0, -0.0684 1.4115 0.0, -0.0559 1.4278 0.0, -0.1577 -1.3721 0.0787, -0.1523 -1.3314 0.0787, -0.1366 -1.2934 0.0787, -0.1116 -1.2608 0.0787, -0.0789 -1.2357 0.0787, -0.041 -1.22 0.0787, -0.0002 -1.2146 0.0787, 0.0406 -1.22 0.0787, 0.0785 -1.2357 0.0787, 0.1112 -1.2608 0.0787, 0.1362 -1.2934 0.0787, 0.1519 -1.3314 0.0787, 0.1573 -1.3721 0.0787, 0.1519 -1.4129 0.0787, 0.1362 -1.4509 0.0787, 0.1112 -1.4835 0.0787, 0.0785 -1.5085 0.0787, 0.0406 -1.5242 0.0787, -0.0002 -1.5296 0.0787, -0.041 -1.5242 0.0787, -0.0789 -1.5085 0.0787, -0.1116 -1.4835 0.0787, -0.1366 -1.4509 0.0787, -0.1523 -1.4129 0.0787, -0.0684 -1.4115 0.0, -0.0763 -1.3925 0.0, -0.0002 -1.3721 0.0, -0.0789 -1.3721 0.0, -0.0763 -1.3518 0.0, -0.0206 -1.4482 0.0, -0.0396 -1.4403 0.0, -0.0559 -1.4278 0.0, 0.0392 -1.4403 0.0, 0.0202 -1.4482 0.0, -0.0002 -1.4509 0.0, 0.0759 -1.3925 0.0, 0.068 -1.4115 0.0, 0.0555 -1.4278 0.0, 0.068 -1.3328 0.0, 0.0759 -1.3518 0.0, 0.0785 -1.3721 0.0, 0.0202 -1.2961 0.0, 0.0392 -1.3039 0.0, 0.0555 -1.3165 0.0, -0.0396 -1.3039 0.0, -0.0206 -1.2961 0.0, -0.0002 -1.2934 0.0, -0.0684 -1.3328 0.0, -0.0559 -1.3165 0.0, -2.0327 0.2211 0.0584, -1.8728 0.5139 0.0584, -1.6057 0.7138 0.0584, -1.3914 0.7767 0.0584, -1.168 0.7767 0.0584, -0.8555 0.6601 0.0584, -0.6196 0.4243 0.0584, -0.5659 0.326 0.0584, -0.495 0.0 0.0584, -0.5659 -0.326 0.0584, -0.6867 -0.5139 0.0584, -0.8555 -0.6601 0.0584, -1.168 -0.7767 0.0584, -1.5008 -0.7529 0.0584, -1.6057 -0.7138 0.0584, -1.704 -0.6601 0.0584, -1.8728 -0.5139 0.0584, -2.0327 -0.2211 0.0584, -2.0013 -0.1038 0.0027, -1.9792 -0.2054 0.0027, -2.0201 -0.1065 0.0106, -1.9975 -0.2107 0.0106, -2.0363 -0.1088 0.0231, -2.0131 -0.2153 0.0231, -2.0487 -0.1106 0.0394, -2.0251 -0.2189 0.0394, -2.0565 -0.1117 0.0584, -1.893 -0.3941 0.0027, -1.8307 -0.4774 0.0027, -1.909 -0.4044 0.0106, -1.8451 -0.4899 0.0106, -1.9227 -0.4132 0.0231, -1.8574 -0.5005 0.0231, -1.9333 -0.42 0.0394, -1.8668 -0.5087 0.0394, -1.9399 -0.4243 0.0584, -1.2797 -0.729 0.0027, -1.176 -0.7216 0.0027, -1.2797 -0.748 0.0106, -1.1733 -0.7404 0.0106, -1.2797 -0.7643 0.0231, -1.1709 -0.7566 0.0231, -1.2797 -0.7769 0.0394, -1.1692 -0.7689 0.0394, -1.2797 -0.7847 0.0584, -0.9769 -0.6632 0.0027, -0.8856 -0.6133 0.0027, -0.969 -0.6804 0.0106, -0.8753 -0.6293 0.0106, -0.9622 -0.6953 0.0231, -0.8665 -0.643 0.0231, -0.957 -0.7067 0.0394, -0.8597 -0.6535 0.0394, -0.9537 -0.7138 0.0584, -0.6664 -0.3941 0.0027, -0.6166 -0.3029 0.0027, -0.6504 -0.4044 0.0106, -0.5993 -0.3107 0.0106, -0.6367 -0.4132 0.0231, -0.5845 -0.3175 0.0231, -0.6262 -0.42 0.0394, -0.5731 -0.3227 0.0394, -0.6196 -0.4243 0.0584, -0.5581 -0.1038 0.0027, -0.5507 0.0 0.0027, -0.5393 -0.1065 0.0106, -0.5317 0.0 0.0106, -0.5232 -0.1088 0.0231, -0.5154 0.0 0.0231, -0.5108 -0.1106 0.0394, -0.5029 0.0 0.0394, -0.503 -0.1117 0.0584, -0.5802 0.2054 0.0027, -0.6166 0.3029 0.0027, -0.562 0.2107 0.0106, -0.5993 0.3107 0.0106, -0.5463 0.2153 0.0231, -0.5845 0.3175 0.0231, -0.5343 0.2189 0.0394, -0.5731 0.3227 0.0394, -0.5268 0.2211 0.0584, -0.8023 0.551 0.0027, -0.8856 0.6133 0.0027, -0.7899 0.5653 0.0106, -0.8753 0.6293 0.0106, -0.7792 0.5776 0.0231, -0.8665 0.643 0.0231, -0.771 0.5871 0.0394, -0.8597 0.6535 0.0394, -0.7658 0.5931 0.0584, -1.0743 0.6995 0.0027, -1.176 0.7216 0.0027, -1.069 0.7177 0.0106, -1.1733 0.7404 0.0106, -1.0644 0.7334 0.0231, -1.1709 0.7566 0.0231, -1.0609 0.7454 0.0394, -1.1692 0.7689 0.0394, -1.0586 0.7529 0.0584, -1.4851 0.6995 0.0027, -1.5826 0.6632 0.0027, -1.4905 0.7177 0.0106, -1.5905 0.6804 0.0106, -1.4951 0.7334 0.0231, -1.5972 0.6953 0.0231, -1.4986 0.7454 0.0394, -1.6024 0.7067 0.0394, -1.5008 0.7529 0.0584, -1.7571 0.551 0.0027, -1.8307 0.4774 0.0027, -1.7696 0.5653 0.0106, -1.8451 0.4899 0.0106, -1.7803 0.5776 0.0231, -1.8574 0.5005 0.0231, -1.7885 0.5871 0.0394, -1.8668 0.5087 0.0394, -1.7936 0.5931 0.0584, -1.9429 0.3029 0.0027, -1.9792 0.2054 0.0027, -1.9602 0.3107 0.0106, -1.9975 0.2107 0.0106, -1.975 0.3175 0.0231, -2.0131 0.2153 0.0231, -1.9864 0.3227 0.0394, -2.0251 0.2189 0.0394, -1.9935 0.326 0.0584, -2.0088 0.0 0.0027, -2.0278 0.0 0.0106, -2.0441 0.0 0.0231, -2.0566 0.0 0.0394, -2.0644 0.0 0.0584, -1.9935 -0.326 0.0584, -1.9864 -0.3227 0.0394, -1.975 -0.3175 0.0231, -1.9602 -0.3107 0.0106, -1.9429 -0.3029 0.0027, -1.7936 -0.5931 0.0584, -1.7885 -0.5871 0.0394, -1.7803 -0.5776 0.0231, -1.7696 -0.5653 0.0106, -1.7571 -0.551 0.0027, -1.6739 -0.6133 0.0027, -1.6841 -0.6293 0.0106, -1.693 -0.643 0.0231, -1.6997 -0.6535 0.0394, -1.6024 -0.7067 0.0394, -1.5972 -0.6953 0.0231, -1.5905 -0.6804 0.0106, -1.5826 -0.6632 0.0027, -1.4986 -0.7454 0.0394, -1.4951 -0.7334 0.0231, -1.4905 -0.7177 0.0106, -1.4851 -0.6995 0.0027, -1.3914 -0.7767 0.0584, -1.3903 -0.7689 0.0394, -1.3885 -0.7566 0.0231, -1.3862 -0.7404 0.0106, -1.3835 -0.7216 0.0027, -1.0586 -0.7529 0.0584, -1.0609 -0.7454 0.0394, -1.0644 -0.7334 0.0231, -1.069 -0.7177 0.0106, -1.0743 -0.6995 0.0027, -0.7658 -0.5931 0.0584, -0.771 -0.5871 0.0394, -0.7792 -0.5776 0.0231, -0.7899 -0.5653 0.0106, -0.8023 -0.551 0.0027, -0.7288 -0.4774 0.0027, -0.7144 -0.4899 0.0106, -0.7021 -0.5005 0.0231, -0.6926 -0.5087 0.0394, -0.5268 -0.2211 0.0584, -0.5343 -0.2189 0.0394, -0.5463 -0.2153 0.0231, -0.562 -0.2107 0.0106, -0.5802 -0.2054 0.0027, -0.503 0.1117 0.0584, -0.5108 0.1106 0.0394, -0.5232 0.1088 0.0231, -0.5393 0.1065 0.0106, -0.5581 0.1038 0.0027, -0.6262 0.42 0.0394, -0.6367 0.4132 0.0231, -0.6504 0.4044 0.0106, -0.6664 0.3941 0.0027, -0.6867 0.5139 0.0584, -0.6926 0.5087 0.0394, -0.7021 0.5005 0.0231, -0.7144 0.4899 0.0106, -0.7288 0.4774 0.0027, -0.9537 0.7138 0.0584, -0.957 0.7067 0.0394, -0.9622 0.6953 0.0231, -0.969 0.6804 0.0106, -0.9769 0.6632 0.0027, -1.2797 0.7847 0.0584, -1.2797 0.7769 0.0394, -1.2797 0.7643 0.0231, -1.2797 0.748 0.0106, -1.2797 0.729 0.0027, -1.3835 0.7216 0.0027, -1.3862 0.7404 0.0106, -1.3885 0.7566 0.0231, -1.3903 0.7689 0.0394, -1.704 0.6601 0.0584, -1.6997 0.6535 0.0394, -1.693 0.643 0.0231, -1.6841 0.6293 0.0106, -1.6739 0.6133 0.0027, -1.9399 0.4243 0.0584, -1.9333 0.42 0.0394, -1.9227 0.4132 0.0231, -1.909 0.4044 0.0106, -1.893 0.3941 0.0027, -2.0565 0.1117 0.0584, -2.0487 0.1106 0.0394, -2.0363 0.1088 0.0231, -2.0201 0.1065 0.0106, -2.0013 0.1038 0.0027, 0.5264 0.2211 0.0584, 0.6863 0.5139 0.0584, 0.9533 0.7138 0.0584, 1.1677 0.7767 0.0584, 1.391 0.7767 0.0584, 1.7036 0.6601 0.0584, 1.9395 0.4243 0.0584, 1.9931 0.326 0.0584, 2.064 -0.0 0.0584, 1.9931 -0.326 0.0584, 1.8724 -0.5139 0.0584, 1.7036 -0.6601 0.0584, 1.391 -0.7767 0.0584, 1.0582 -0.7529 0.0584, 0.9533 -0.7138 0.0584, 0.8551 -0.6601 0.0584, 0.6863 -0.5139 0.0584, 0.5264 -0.2211 0.0584, 0.5577 -0.1038 0.0027, 0.5798 -0.2054 0.0027, 0.5389 -0.1065 0.0106, 0.5616 -0.2107 0.0106, 0.5228 -0.1088 0.0231, 0.546 -0.2153 0.0231, 0.5104 -0.1106 0.0394, 0.5339 -0.2189 0.0394, 0.5026 -0.1117 0.0584, 0.666 -0.3941 0.0027, 0.7284 -0.4774 0.0027, 0.65 -0.4044 0.0106, 0.714 -0.4899 0.0106, 0.6363 -0.4132 0.0231, 0.7017 -0.5005 0.0231, 0.6258 -0.42 0.0394, 0.6922 -0.5087 0.0394, 0.6192 -0.4243 0.0584, 1.2793 -0.729 0.0027, 1.3831 -0.7216 0.0027, 1.2793 -0.748 0.0106, 1.3858 -0.7404 0.0106, 1.2793 -0.7643 0.0231, 1.3881 -0.7566 0.0231, 1.2793 -0.7769 0.0394, 1.3899 -0.7689 0.0394, 1.2793 -0.7847 0.0584, 1.5822 -0.6632 0.0027, 1.6735 -0.6133 0.0027, 1.5901 -0.6804 0.0106, 1.6837 -0.6293 0.0106, 1.5968 -0.6953 0.0231, 1.6926 -0.643 0.0231, 1.602 -0.7067 0.0394, 1.6993 -0.6535 0.0394, 1.6053 -0.7138 0.0584, 1.8926 -0.3941 0.0027, 1.9425 -0.3029 0.0027, 1.9086 -0.4044 0.0106, 1.9598 -0.3107 0.0106, 1.9223 -0.4132 0.0231, 1.9746 -0.3175 0.0231, 1.9329 -0.42 0.0394, 1.986 -0.3227 0.0394, 1.9395 -0.4243 0.0584, 2.0009 -0.1038 0.0027, 2.0084 -0.0 0.0027, 2.0197 -0.1065 0.0106, 2.0274 -0.0 0.0106, 2.0359 -0.1088 0.0231, 2.0437 -0.0 0.0231, 2.0483 -0.1106 0.0394, 2.0562 -0.0 0.0394, 2.0561 -0.1117 0.0584, 1.9788 0.2054 0.0027, 1.9425 0.3029 0.0027, 1.9971 0.2107 0.0106, 1.9598 0.3107 0.0106, 2.0127 0.2153 0.0231, 1.9746 0.3175 0.0231, 2.0247 0.2189 0.0394, 1.986 0.3227 0.0394, 2.0323 0.2211 0.0584, 1.7567 0.551 0.0027, 1.6735 0.6133 0.0027, 1.7692 0.5653 0.0106, 1.6837 0.6293 0.0106, 1.7799 0.5776 0.0231, 1.6926 0.643 0.0231, 1.7881 0.5871 0.0394, 1.6993 0.6535 0.0394, 1.7932 0.5931 0.0584, 1.4847 0.6995 0.0027, 1.3831 0.7216 0.0027, 1.4901 0.7177 0.0106, 1.3858 0.7404 0.0106, 1.4947 0.7334 0.0231, 1.3881 0.7566 0.0231, 1.4982 0.7454 0.0394, 1.3899 0.7689 0.0394, 1.5004 0.7529 0.0584, 1.0739 0.6995 0.0027, 0.9765 0.6632 0.0027, 1.0686 0.7177 0.0106, 0.9686 0.6804 0.0106, 1.064 0.7334 0.0231, 0.9618 0.6953 0.0231, 1.0605 0.7454 0.0394, 0.9566 0.7067 0.0394, 1.0582 0.7529 0.0584, 0.8019 0.551 0.0027, 0.7284 0.4774 0.0027, 0.7895 0.5653 0.0106, 0.714 0.4899 0.0106, 0.7788 0.5776 0.0231, 0.7017 0.5005 0.0231, 0.7706 0.5871 0.0394, 0.6922 0.5087 0.0394, 0.7654 0.5931 0.0584, 0.6162 0.3029 0.0027, 0.5798 0.2054 0.0027, 0.5989 0.3107 0.0106, 0.5616 0.2107 0.0106, 0.5841 0.3175 0.0231, 0.546 0.2153 0.0231, 0.5727 0.3227 0.0394, 0.5339 0.2189 0.0394, 0.5655 0.326 0.0584, 0.5503 0.0 0.0027, 0.5313 0.0 0.0106, 0.515 0.0 0.0231, 0.5025 0.0 0.0394, 0.4946 0.0 0.0584, 0.5655 -0.326 0.0584, 0.5727 -0.3227 0.0394, 0.5841 -0.3175 0.0231, 0.5989 -0.3107 0.0106, 0.6162 -0.3029 0.0027, 0.7654 -0.5931 0.0584, 0.7706 -0.5871 0.0394, 0.7788 -0.5776 0.0231, 0.7895 -0.5653 0.0106, 0.8019 -0.551 0.0027, 0.8852 -0.6133 0.0027, 0.8749 -0.6293 0.0106, 0.8661 -0.643 0.0231, 0.8593 -0.6535 0.0394, 0.9566 -0.7067 0.0394, 0.9618 -0.6953 0.0231, 0.9686 -0.6804 0.0106, 0.9765 -0.6632 0.0027, 1.0605 -0.7454 0.0394, 1.064 -0.7334 0.0231, 1.0686 -0.7177 0.0106, 1.0739 -0.6995 0.0027, 1.1677 -0.7767 0.0584, 1.1688 -0.7689 0.0394, 1.1706 -0.7566 0.0231, 1.1729 -0.7404 0.0106, 1.1756 -0.7216 0.0027, 1.5004 -0.7529 0.0584, 1.4982 -0.7454 0.0394, 1.4947 -0.7334 0.0231, 1.4901 -0.7177 0.0106, 1.4847 -0.6995 0.0027, 1.7932 -0.5931 0.0584, 1.7881 -0.5871 0.0394, 1.7799 -0.5776 0.0231, 1.7692 -0.5653 0.0106, 1.7567 -0.551 0.0027, 1.8303 -0.4774 0.0027, 1.8447 -0.4899 0.0106, 1.857 -0.5005 0.0231, 1.8664 -0.5087 0.0394, 2.0323 -0.2211 0.0584, 2.0247 -0.2189 0.0394, 2.0127 -0.2153 0.0231, 1.9971 -0.2107 0.0106, 1.9788 -0.2054 0.0027, 2.0561 0.1117 0.0584, 2.0483 0.1106 0.0394, 2.0359 0.1088 0.0231, 2.0197 0.1065 0.0106, 2.0009 0.1038 0.0027, 1.9329 0.42 0.0394, 1.9223 0.4132 0.0231, 1.9086 0.4044 0.0106, 1.8926 0.3941 0.0027, 1.8724 0.5139 0.0584, 1.8664 0.5087 0.0394, 1.857 0.5005 0.0231, 1.8447 0.4899 0.0106, 1.8303 0.4774 0.0027, 1.6053 0.7138 0.0584, 1.602 0.7067 0.0394, 1.5968 0.6953 0.0231, 1.5901 0.6804 0.0106, 1.5822 0.6632 0.0027, 1.2793 0.7847 0.0584, 1.2793 0.7769 0.0394, 1.2793 0.7643 0.0231, 1.2793 0.748 0.0106, 1.2793 0.729 0.0027, 1.1756 0.7216 0.0027, 1.1729 0.7404 0.0106, 1.1706 0.7566 0.0231, 1.1688 0.7689 0.0394, 0.8551 0.6601 0.0584, 0.8593 0.6535 0.0394, 0.8661 0.643 0.0231, 0.8749 0.6293 0.0106, 0.8852 0.6133 0.0027, 0.6192 0.4243 0.0584, 0.6258 0.42 0.0394, 0.6363 0.4132 0.0231, 0.65 0.4044 0.0106, 0.666 0.3941 0.0027, 0.5026 0.1117 0.0584, 0.5104 0.1106 0.0394, 0.5228 0.1088 0.0231, 0.5389 0.1065 0.0106, 0.5577 0.1038 0.0027, -0.0959 1.3978 0.0027, -0.086 1.4217 0.0027, -0.0703 1.4422 0.0027, -0.0498 1.458 0.0027, -0.0259 1.4679 0.0027, -0.0002 1.4712 0.0027, 0.0255 1.4679 0.0027, 0.0494 1.458 0.0027, 0.0699 1.4422 0.0027, 0.0856 1.4217 0.0027, 0.0955 1.3978 0.0027, 0.0989 1.3721 0.0027, 0.0955 1.3465 0.0027, 0.0856 1.3226 0.0027, 0.0699 1.302 0.0027, 0.0494 1.2863 0.0027, 0.0255 1.2764 0.0027, -0.0002 1.273 0.0027, -0.0259 1.2764 0.0027, -0.0498 1.2863 0.0027, -0.0703 1.302 0.0027, -0.086 1.3226 0.0027, -0.0959 1.3465 0.0027, -0.0993 1.3721 0.0027, -0.1143 1.4027 0.0106, -0.1025 1.4312 0.0106, -0.0837 1.4556 0.0106, -0.0593 1.4744 0.0106, -0.0308 1.4862 0.0106, -0.0002 1.4902 0.0106, 0.0304 1.4862 0.0106, 0.0589 1.4744 0.0106, 0.0833 1.4556 0.0106, 0.1021 1.4312 0.0106, 0.1139 1.4027 0.0106, 0.1179 1.3721 0.0106, 0.1139 1.3416 0.0106, 0.1021 1.3131 0.0106, 0.0833 1.2886 0.0106, 0.0589 1.2698 0.0106, 0.0304 1.258 0.0106, -0.0002 1.254 0.0106, -0.0308 1.258 0.0106, -0.0593 1.2698 0.0106, -0.0837 1.2886 0.0106, -0.1025 1.3131 0.0106, -0.1143 1.3416 0.0106, -0.1183 1.3721 0.0106, -0.13 1.4069 0.0231, -0.1166 1.4393 0.0231, -0.0952 1.4672 0.0231, -0.0674 1.4885 0.0231, -0.035 1.502 0.0231, -0.0002 1.5065 0.0231, 0.0346 1.502 0.0231, 0.067 1.4885 0.0231, 0.0948 1.4672 0.0231, 0.1162 1.4393 0.0231, 0.1296 1.4069 0.0231, 0.1342 1.3721 0.0231, 0.1296 1.3373 0.0231, 0.1162 1.3049 0.0231, 0.0948 1.2771 0.0231, 0.067 1.2557 0.0231, 0.0346 1.2423 0.0231, -0.0002 1.2377 0.0231, -0.035 1.2423 0.0231, -0.0674 1.2557 0.0231, -0.0952 1.2771 0.0231, -0.1166 1.3049 0.0231, -0.13 1.3373 0.0231, -0.1346 1.3721 0.0231, -0.1421 1.4102 0.0394, -0.1274 1.4456 0.0394, -0.1041 1.476 0.0394, -0.0737 1.4994 0.0394, -0.0382 1.5141 0.0394, -0.0002 1.5191 0.0394, 0.0378 1.5141 0.0394, 0.0733 1.4994 0.0394, 0.1037 1.476 0.0394, 0.127 1.4456 0.0394, 0.1417 1.4102 0.0394, 0.1467 1.3721 0.0394, 0.1417 1.3341 0.0394, 0.127 1.2987 0.0394, 0.1037 1.2682 0.0394, 0.0733 1.2449 0.0394, 0.0378 1.2302 0.0394, -0.0002 1.2252 0.0394, -0.0382 1.2302 0.0394, -0.0737 1.2449 0.0394, -0.1041 1.2682 0.0394, -0.1274 1.2987 0.0394, -0.1421 1.3341 0.0394, -0.1471 1.3721 0.0394, -0.1497 1.4122 0.0584, -0.1343 1.4495 0.0584, -0.1097 1.4816 0.0584, -0.0776 1.5062 0.0584, -0.0403 1.5217 0.0584, -0.0002 1.5269 0.0584, 0.0399 1.5217 0.0584, 0.0772 1.5062 0.0584, 0.1093 1.4816 0.0584, 0.1339 1.4495 0.0584, 0.1493 1.4122 0.0584, 0.1546 1.3721 0.0584, 0.1493 1.3321 0.0584, 0.1339 1.2947 0.0584, 0.1093 1.2627 0.0584, 0.0772 1.2381 0.0584, 0.0399 1.2226 0.0584, -0.0002 1.2173 0.0584, -0.0403 1.2226 0.0584, -0.0776 1.2381 0.0584, -0.1097 1.2627 0.0584, -0.1343 1.2947 0.0584, -0.1497 1.3321 0.0584, -0.155 1.3721 0.0584, -0.0959 -1.3465 0.0027, -0.086 -1.3226 0.0027, -0.0703 -1.302 0.0027, -0.0498 -1.2863 0.0027, -0.0259 -1.2764 0.0027, -0.0002 -1.273 0.0027, 0.0255 -1.2764 0.0027, 0.0494 -1.2863 0.0027, 0.0699 -1.302 0.0027, 0.0856 -1.3226 0.0027, 0.0955 -1.3465 0.0027, 0.0989 -1.3721 0.0027, 0.0955 -1.3978 0.0027, 0.0856 -1.4217 0.0027, 0.0699 -1.4422 0.0027, 0.0494 -1.458 0.0027, 0.0255 -1.4679 0.0027, -0.0002 -1.4712 0.0027, -0.0259 -1.4679 0.0027, -0.0498 -1.458 0.0027, -0.0703 -1.4422 0.0027, -0.086 -1.4217 0.0027, -0.0959 -1.3978 0.0027, -0.0993 -1.3721 0.0027, -0.1143 -1.3416 0.0106, -0.1025 -1.3131 0.0106, -0.0837 -1.2886 0.0106, -0.0593 -1.2698 0.0106, -0.0308 -1.258 0.0106, -0.0002 -1.254 0.0106, 0.0304 -1.258 0.0106, 0.0589 -1.2698 0.0106, 0.0833 -1.2886 0.0106, 0.1021 -1.3131 0.0106, 0.1139 -1.3416 0.0106, 0.1179 -1.3721 0.0106, 0.1139 -1.4027 0.0106, 0.1021 -1.4312 0.0106, 0.0833 -1.4556 0.0106, 0.0589 -1.4744 0.0106, 0.0304 -1.4862 0.0106, -0.0002 -1.4902 0.0106, -0.0308 -1.4862 0.0106, -0.0593 -1.4744 0.0106, -0.0837 -1.4556 0.0106, -0.1025 -1.4312 0.0106, -0.1143 -1.4027 0.0106, -0.1183 -1.3721 0.0106, -0.13 -1.3373 0.0231, -0.1166 -1.3049 0.0231, -0.0952 -1.2771 0.0231, -0.0674 -1.2557 0.0231, -0.035 -1.2423 0.0231, -0.0002 -1.2377 0.0231, 0.0346 -1.2423 0.0231, 0.067 -1.2557 0.0231, 0.0948 -1.2771 0.0231, 0.1162 -1.3049 0.0231, 0.1296 -1.3373 0.0231, 0.1342 -1.3721 0.0231, 0.1296 -1.4069 0.0231, 0.1162 -1.4393 0.0231, 0.0948 -1.4672 0.0231, 0.067 -1.4885 0.0231, 0.0346 -1.502 0.0231, -0.0002 -1.5065 0.0231, -0.035 -1.502 0.0231, -0.0674 -1.4885 0.0231, -0.0952 -1.4672 0.0231, -0.1166 -1.4393 0.0231, -0.13 -1.4069 0.0231, -0.1346 -1.3721 0.0231, -0.1421 -1.3341 0.0394, -0.1274 -1.2987 0.0394, -0.1041 -1.2682 0.0394, -0.0737 -1.2449 0.0394, -0.0382 -1.2302 0.0394, -0.0002 -1.2252 0.0394, 0.0378 -1.2302 0.0394, 0.0733 -1.2449 0.0394, 0.1037 -1.2682 0.0394, 0.127 -1.2987 0.0394, 0.1417 -1.3341 0.0394, 0.1467 -1.3721 0.0394, 0.1417 -1.4102 0.0394, 0.127 -1.4456 0.0394, 0.1037 -1.476 0.0394, 0.0733 -1.4994 0.0394, 0.0378 -1.5141 0.0394, -0.0002 -1.5191 0.0394, -0.0382 -1.5141 0.0394, -0.0737 -1.4994 0.0394, -0.1041 -1.476 0.0394, -0.1274 -1.4456 0.0394, -0.1421 -1.4102 0.0394, -0.1471 -1.3721 0.0394, -0.1497 -1.3321 0.0584, -0.1343 -1.2947 0.0584, -0.1097 -1.2627 0.0584, -0.0776 -1.2381 0.0584, -0.0403 -1.2226 0.0584, -0.0002 -1.2173 0.0584, 0.0399 -1.2226 0.0584, 0.0772 -1.2381 0.0584, 0.1093 -1.2627 0.0584, 0.1339 -1.2947 0.0584, 0.1493 -1.3321 0.0584, 0.1546 -1.3721 0.0584, 0.1493 -1.4122 0.0584, 0.1339 -1.4495 0.0584, 0.1093 -1.4816 0.0584, 0.0772 -1.5062 0.0584, 0.0399 -1.5217 0.0584, -0.0002 -1.5269 0.0584, -0.0403 -1.5217 0.0584, -0.0776 -1.5062 0.0584, -0.1097 -1.4816 0.0584, -0.1343 -1.4495 0.0584, -0.1497 -1.4122 0.0584, -0.155 -1.3721 0.0584
            ]
        }
        coordIndex [
            0,1,2,-1,2,1,3,-1,4,5,6,-1,6,5,7,-1,2,3,4,-1,4,3,5,-1,6,7,8,-1,8,7,9,-1,10,1,11,-1,11,12,10,-1,10,12,13,-1,10,13,14,-1,14,13,9,-1,14,9,15,-1,15,9,7,-1,6,8,16,-1,16,8,17,-1,16,17,18,-1,18,17,19,-1,18,19,20,-1,20,19,21,-1,20,21,22,-1,22,21,23,-1,22,23,24,-1,24,23,25,-1,24,25,26,-1,26,25,27,-1,26,27,28,-1,28,27,29,-1,28,29,30,-1,30,29,31,-1,30,31,32,-1,32,31,33,-1,32,33,34,-1,34,33,35,-1,34,35,36,-1,36,35,37,-1,36,37,38,-1,38,37,39,-1,38,39,40,-1,40,39,41,-1,40,41,42,-1,42,41,43,-1,42,43,44,-1,44,43,45,-1,44,45,46,-1,46,45,47,-1,46,47,48,-1,48,47,49,-1,48,49,50,-1,50,49,51,-1,50,51,52,-1,52,51,53,-1,52,53,54,-1,54,53,55,-1,54,55,56,-1,56,55,57,-1,56,57,58,-1,58,57,59,-1,58,59,60,-1,60,59,61,-1,60,61,62,-1,62,61,63,-1,62,63,64,-1,64,63,65,-1,64,65,66,-1,66,65,67,-1,66,67,68,-1,68,67,69,-1,68,69,70,-1,70,69,71,-1,70,71,72,-1,72,71,73,-1,72,73,74,-1,74,73,75,-1,74,75,76,-1,76,75,77,-1,76,77,78,-1,78,77,79,-1,78,79,80,-1,80,79,81,-1,80,81,82,-1,82,81,83,-1,82,83,84,-1,84,83,85,-1,84,85,86,-1,86,85,87,-1,86,87,88,-1,88,87,89,-1,88,89,90,-1,90,89,91,-1,90,91,92,-1,92,91,93,-1,92,93,94,-1,94,93,95,-1,94,95,96,-1,96,95,97,-1,96,97,98,-1,98,97,99,-1,98,99,100,-1,100,99,101,-1,100,101,102,-1,102,101,103,-1,102,103,104,-1,104,103,105,-1,104,105,106,-1,106,105,107,-1,106,107,108,-1,108,107,109,-1,108,109,110,-1,110,109,11,-1,110,11,111,-1,111,11,1,-1,111,1,0,-1,89,87,112,-1,95,93,112,-1,112,93,91,-1,112,91,89,-1,101,99,112,-1,112,99,97,-1,112,97,95,-1,107,105,112,-1,112,105,103,-1,112,103,101,-1,12,11,112,-1,112,11,109,-1,112,109,107,-1,8,9,112,-1,112,9,13,-1,112,13,12,-1,21,19,112,-1,112,19,17,-1,112,17,8,-1,27,25,112,-1,112,25,23,-1,112,23,21,-1,33,31,112,-1,112,31,29,-1,112,29,27,-1,39,37,112,-1,112,37,35,-1,112,35,33,-1,45,43,112,-1,112,43,41,-1,112,41,39,-1,51,49,112,-1,112,49,47,-1,112,47,45,-1,57,55,112,-1,112,55,53,-1,112,53,51,-1,63,61,112,-1,112,61,59,-1,112,59,57,-1,69,67,112,-1,112,67,65,-1,112,65,63,-1,75,73,112,-1,112,73,71,-1,112,71,69,-1,81,79,112,-1,112,79,77,-1,112,77,75,-1,87,85,112,-1,112,85,83,-1,112,83,81,-1,113,0,6,-1,6,0,2,-1,6,2,4,-1,113,6,114,-1,114,6,16,-1,114,16,115,-1,115,16,18,-1,115,18,116,-1,116,18,20,-1,116,20,117,-1,117,20,22,-1,117,22,118,-1,119,120,121,-1,30,32,122,-1,123,124,125,-1,126,127,128,-1,128,127,129,-1,128,129,130,-1,131,132,126,-1,126,132,133,-1,126,133,127,-1,119,134,120,-1,120,134,135,-1,120,135,136,-1,44,46,137,-1,137,46,48,-1,137,48,138,-1,139,140,131,-1,131,140,141,-1,129,142,130,-1,130,142,143,-1,130,143,137,-1,144,145,44,-1,141,146,131,-1,131,146,147,-1,131,147,132,-1,136,148,120,-1,120,148,149,-1,120,149,139,-1,150,151,152,-1,44,145,42,-1,153,123,154,-1,154,123,155,-1,143,156,137,-1,137,156,157,-1,137,157,44,-1,44,157,158,-1,44,158,144,-1,125,159,123,-1,123,159,160,-1,123,160,161,-1,161,160,140,-1,161,140,162,-1,162,140,139,-1,162,139,163,-1,163,139,149,-1,113,164,0,-1,0,164,165,-1,0,165,111,-1,111,165,166,-1,111,166,110,-1,110,166,167,-1,110,167,108,-1,108,167,168,-1,108,168,106,-1,106,168,169,-1,106,169,104,-1,104,169,170,-1,171,172,173,-1,174,78,175,-1,175,78,80,-1,175,80,82,-1,145,176,42,-1,42,176,177,-1,42,177,40,-1,40,177,178,-1,40,178,38,-1,38,178,179,-1,38,179,36,-1,36,179,180,-1,36,180,34,-1,22,24,118,-1,118,24,26,-1,118,26,122,-1,122,26,28,-1,122,28,30,-1,96,98,173,-1,173,98,100,-1,173,100,170,-1,170,100,102,-1,170,102,104,-1,48,50,138,-1,138,50,52,-1,138,52,181,-1,181,52,54,-1,181,54,182,-1,182,54,56,-1,182,56,183,-1,183,56,58,-1,183,58,184,-1,184,58,60,-1,184,60,185,-1,185,60,62,-1,185,62,186,-1,186,62,64,-1,186,64,187,-1,187,64,66,-1,187,66,188,-1,188,66,68,-1,188,68,189,-1,189,68,70,-1,189,70,190,-1,190,70,72,-1,190,72,191,-1,191,72,74,-1,191,74,174,-1,174,74,76,-1,174,76,78,-1,150,152,192,-1,192,152,193,-1,192,193,194,-1,153,195,123,-1,123,195,196,-1,123,196,124,-1,124,196,192,-1,124,192,197,-1,197,192,194,-1,198,32,199,-1,199,32,34,-1,199,34,200,-1,200,34,180,-1,151,122,152,-1,152,122,32,-1,152,32,201,-1,201,32,198,-1,155,123,202,-1,202,123,203,-1,202,203,204,-1,204,205,202,-1,202,205,206,-1,202,206,173,-1,173,206,207,-1,173,207,171,-1,84,208,209,-1,82,84,175,-1,175,84,209,-1,175,209,210,-1,210,209,119,-1,210,119,211,-1,211,119,121,-1,172,212,173,-1,173,212,213,-1,173,213,96,-1,96,213,214,-1,214,215,96,-1,96,215,216,-1,96,216,94,-1,94,216,217,-1,94,217,92,-1,92,217,218,-1,92,218,90,-1,90,218,219,-1,219,220,90,-1,90,220,221,-1,90,221,88,-1,88,221,222,-1,88,222,86,-1,86,222,223,-1,86,223,84,-1,84,223,224,-1,84,224,208,-1,225,203,123,-1,226,204,227,-1,227,204,203,-1,227,203,228,-1,228,203,225,-1,226,229,204,-1,204,229,230,-1,204,230,205,-1,205,230,231,-1,205,231,206,-1,206,231,232,-1,206,232,233,-1,233,234,206,-1,206,234,235,-1,206,235,207,-1,235,236,207,-1,207,236,237,-1,207,237,171,-1,238,172,239,-1,239,172,171,-1,239,171,240,-1,240,171,237,-1,238,241,172,-1,172,241,242,-1,172,242,212,-1,243,213,244,-1,244,213,212,-1,244,212,245,-1,245,212,242,-1,243,246,213,-1,213,246,247,-1,213,247,214,-1,214,247,248,-1,214,248,215,-1,215,248,249,-1,215,249,250,-1,250,251,215,-1,215,251,252,-1,215,252,216,-1,252,253,216,-1,216,253,254,-1,216,254,217,-1,255,218,256,-1,256,218,217,-1,256,217,257,-1,257,217,254,-1,255,258,218,-1,218,258,259,-1,218,259,219,-1,219,259,260,-1,219,260,220,-1,220,260,261,-1,220,261,221,-1,221,261,262,-1,262,263,221,-1,221,263,264,-1,221,264,222,-1,264,265,222,-1,222,265,266,-1,222,266,223,-1,267,224,268,-1,268,224,223,-1,268,223,269,-1,269,223,266,-1,267,270,224,-1,224,270,271,-1,224,271,208,-1,272,209,273,-1,273,209,208,-1,273,208,274,-1,274,208,271,-1,272,275,209,-1,209,275,276,-1,209,276,119,-1,119,276,277,-1,119,277,134,-1,134,277,278,-1,134,278,279,-1,279,280,134,-1,134,280,281,-1,134,281,135,-1,281,282,135,-1,135,282,283,-1,135,283,136,-1,284,148,285,-1,285,148,136,-1,285,136,286,-1,286,136,283,-1,284,287,148,-1,148,287,288,-1,148,288,149,-1,289,163,290,-1,290,163,149,-1,290,149,291,-1,291,149,288,-1,289,292,163,-1,163,292,293,-1,163,293,162,-1,293,294,162,-1,162,294,295,-1,162,295,161,-1,295,296,161,-1,161,296,297,-1,161,297,123,-1,123,297,298,-1,123,298,225,-1,299,300,301,-1,299,301,302,-1,303,304,305,-1,305,304,306,-1,307,308,305,-1,305,308,309,-1,306,310,305,-1,305,310,311,-1,305,311,307,-1,312,313,314,-1,314,313,315,-1,300,316,301,-1,301,316,317,-1,301,317,318,-1,309,319,305,-1,305,319,320,-1,305,320,301,-1,301,320,321,-1,301,321,322,-1,315,323,314,-1,314,323,324,-1,314,324,305,-1,305,324,325,-1,305,325,303,-1,326,327,328,-1,328,327,329,-1,328,329,330,-1,318,331,301,-1,301,331,332,-1,301,332,328,-1,328,332,333,-1,328,333,334,-1,322,335,301,-1,301,335,336,-1,301,336,302,-1,330,337,328,-1,328,337,338,-1,328,338,314,-1,314,338,339,-1,339,340,314,-1,314,340,341,-1,314,341,342,-1,334,343,328,-1,328,343,344,-1,328,344,326,-1,342,345,314,-1,314,345,346,-1,314,346,312,-1,347,180,179,-1,348,200,349,-1,349,200,180,-1,349,180,350,-1,350,180,347,-1,348,351,200,-1,200,351,352,-1,200,352,199,-1,199,352,353,-1,199,353,198,-1,198,353,354,-1,198,354,355,-1,355,356,198,-1,198,356,357,-1,198,357,201,-1,357,358,201,-1,201,358,359,-1,201,359,152,-1,360,193,361,-1,361,193,152,-1,361,152,362,-1,362,152,359,-1,360,363,193,-1,193,363,364,-1,193,364,194,-1,365,197,366,-1,366,197,194,-1,366,194,367,-1,367,194,364,-1,365,368,197,-1,197,368,369,-1,197,369,124,-1,124,369,370,-1,124,370,125,-1,125,370,371,-1,125,371,372,-1,372,373,125,-1,125,373,374,-1,125,374,159,-1,374,375,159,-1,159,375,376,-1,159,376,160,-1,377,140,378,-1,378,140,160,-1,378,160,379,-1,379,160,376,-1,377,380,140,-1,140,380,381,-1,140,381,141,-1,141,381,382,-1,141,382,146,-1,146,382,383,-1,146,383,147,-1,147,383,384,-1,384,385,147,-1,147,385,386,-1,147,386,132,-1,386,387,132,-1,132,387,388,-1,132,388,133,-1,389,127,390,-1,390,127,133,-1,390,133,391,-1,391,133,388,-1,389,392,127,-1,127,392,393,-1,127,393,129,-1,394,142,395,-1,395,142,129,-1,395,129,396,-1,396,129,393,-1,394,397,142,-1,142,397,398,-1,142,398,143,-1,143,398,399,-1,143,399,156,-1,156,399,400,-1,156,400,401,-1,401,402,156,-1,156,402,403,-1,156,403,157,-1,403,404,157,-1,157,404,405,-1,157,405,158,-1,406,144,407,-1,407,144,158,-1,407,158,408,-1,408,158,405,-1,406,409,144,-1,144,409,410,-1,144,410,145,-1,411,176,412,-1,412,176,145,-1,412,145,413,-1,413,145,410,-1,411,414,176,-1,176,414,415,-1,176,415,177,-1,415,416,177,-1,177,416,417,-1,177,417,178,-1,417,418,178,-1,178,418,419,-1,178,419,179,-1,179,419,420,-1,179,420,347,-1,421,422,423,-1,424,425,426,-1,427,428,423,-1,423,428,429,-1,423,429,430,-1,430,431,423,-1,423,431,432,-1,423,432,421,-1,422,433,423,-1,423,433,434,-1,423,434,435,-1,436,437,438,-1,438,437,439,-1,438,439,440,-1,441,442,438,-1,438,442,443,-1,438,443,436,-1,425,444,426,-1,426,444,445,-1,426,445,446,-1,447,448,426,-1,426,448,449,-1,449,450,426,-1,426,450,451,-1,426,451,438,-1,438,451,452,-1,438,452,441,-1,446,453,426,-1,426,453,454,-1,426,454,447,-1,434,455,435,-1,435,455,456,-1,435,456,457,-1,440,458,438,-1,438,458,459,-1,438,459,423,-1,423,459,460,-1,423,460,427,-1,435,461,462,-1,424,426,463,-1,463,426,435,-1,463,435,464,-1,457,465,435,-1,435,465,466,-1,435,466,461,-1,462,467,435,-1,435,467,468,-1,435,468,464,-1,469,181,470,-1,470,181,182,-1,470,182,471,-1,471,182,183,-1,471,183,472,-1,472,183,184,-1,472,184,473,-1,473,184,185,-1,473,185,474,-1,474,185,186,-1,474,186,475,-1,475,186,187,-1,475,187,476,-1,476,187,188,-1,476,188,477,-1,477,188,189,-1,477,189,478,-1,478,189,190,-1,478,190,479,-1,479,190,191,-1,479,191,480,-1,480,191,174,-1,480,174,481,-1,481,174,175,-1,481,175,482,-1,482,175,210,-1,482,210,483,-1,483,210,211,-1,483,211,484,-1,484,211,121,-1,484,121,485,-1,485,121,120,-1,485,120,486,-1,486,120,139,-1,486,139,487,-1,487,139,131,-1,487,131,488,-1,488,131,126,-1,488,126,489,-1,489,126,128,-1,489,128,490,-1,490,128,130,-1,490,130,491,-1,491,130,137,-1,491,137,492,-1,492,137,138,-1,492,138,469,-1,469,138,181,-1,493,494,495,-1,495,494,496,-1,495,496,497,-1,498,499,495,-1,495,499,500,-1,495,500,493,-1,501,502,495,-1,495,502,503,-1,495,503,498,-1,504,505,495,-1,495,505,506,-1,495,506,501,-1,507,508,495,-1,495,508,509,-1,495,509,504,-1,510,511,495,-1,495,511,512,-1,495,512,507,-1,513,514,495,-1,495,514,515,-1,495,515,510,-1,497,516,495,-1,495,516,517,-1,495,517,513,-1,518,122,519,-1,519,122,151,-1,519,151,520,-1,520,151,150,-1,520,150,521,-1,521,150,192,-1,521,192,522,-1,522,192,196,-1,522,196,523,-1,523,196,195,-1,523,195,524,-1,524,195,153,-1,524,153,525,-1,525,153,154,-1,525,154,526,-1,526,154,155,-1,526,155,527,-1,527,155,202,-1,527,202,528,-1,528,202,173,-1,528,173,529,-1,529,173,170,-1,529,170,530,-1,530,170,169,-1,530,169,531,-1,531,169,168,-1,531,168,532,-1,532,168,167,-1,532,167,533,-1,533,167,166,-1,533,166,534,-1,534,166,165,-1,534,165,535,-1,535,165,164,-1,535,164,536,-1,536,164,113,-1,536,113,537,-1,537,113,114,-1,537,114,538,-1,538,114,115,-1,538,115,539,-1,539,115,116,-1,539,116,540,-1,540,116,117,-1,540,117,541,-1,541,117,118,-1,541,118,518,-1,518,118,122,-1,542,543,544,-1,544,543,545,-1,544,545,546,-1,547,548,544,-1,544,548,549,-1,544,549,542,-1,550,551,544,-1,544,551,552,-1,544,552,547,-1,553,554,544,-1,544,554,555,-1,544,555,550,-1,556,557,544,-1,544,557,558,-1,544,558,553,-1,559,560,544,-1,544,560,561,-1,544,561,556,-1,562,563,544,-1,544,563,564,-1,544,564,559,-1,546,565,544,-1,544,565,566,-1,544,566,562,-1,1,10,3,-1,3,10,14,-1,3,14,5,-1,5,14,15,-1,5,15,7,-1,418,417,567,-1,411,412,568,-1,406,407,569,-1,404,403,570,-1,401,400,571,-1,394,395,572,-1,389,390,573,-1,391,388,574,-1,384,383,575,-1,377,378,576,-1,375,374,577,-1,372,371,578,-1,365,366,579,-1,360,361,580,-1,362,359,581,-1,358,357,582,-1,355,354,583,-1,348,349,584,-1,443,442,585,-1,585,442,586,-1,585,586,587,-1,587,586,588,-1,587,588,589,-1,589,588,590,-1,589,590,591,-1,591,590,592,-1,591,592,593,-1,593,592,584,-1,452,451,594,-1,594,451,595,-1,594,595,596,-1,596,595,597,-1,596,597,598,-1,598,597,599,-1,598,599,600,-1,600,599,601,-1,600,601,602,-1,602,601,583,-1,453,446,603,-1,603,446,604,-1,603,604,605,-1,605,604,606,-1,605,606,607,-1,607,606,608,-1,607,608,609,-1,609,608,610,-1,609,610,611,-1,611,610,579,-1,444,425,612,-1,612,425,613,-1,612,613,614,-1,614,613,615,-1,614,615,616,-1,616,615,617,-1,616,617,618,-1,618,617,619,-1,618,619,620,-1,620,619,578,-1,464,468,621,-1,621,468,622,-1,621,622,623,-1,623,622,624,-1,623,624,625,-1,625,624,626,-1,625,626,627,-1,627,626,628,-1,627,628,629,-1,629,628,576,-1,462,461,630,-1,630,461,631,-1,630,631,632,-1,632,631,633,-1,632,633,634,-1,634,633,635,-1,634,635,636,-1,636,635,637,-1,636,637,638,-1,638,637,575,-1,465,457,639,-1,639,457,640,-1,639,640,641,-1,641,640,642,-1,641,642,643,-1,643,642,644,-1,643,644,645,-1,645,644,646,-1,645,646,647,-1,647,646,574,-1,434,433,648,-1,648,433,649,-1,648,649,650,-1,650,649,651,-1,650,651,652,-1,652,651,653,-1,652,653,654,-1,654,653,655,-1,654,655,656,-1,656,655,572,-1,421,432,657,-1,657,432,658,-1,657,658,659,-1,659,658,660,-1,659,660,661,-1,661,660,662,-1,661,662,663,-1,663,662,664,-1,663,664,665,-1,665,664,571,-1,429,428,666,-1,666,428,667,-1,666,667,668,-1,668,667,669,-1,668,669,670,-1,670,669,671,-1,670,671,672,-1,672,671,673,-1,672,673,674,-1,674,673,569,-1,460,459,675,-1,675,459,676,-1,675,676,677,-1,677,676,678,-1,677,678,679,-1,679,678,680,-1,679,680,681,-1,681,680,682,-1,681,682,683,-1,683,682,568,-1,440,439,684,-1,684,439,685,-1,684,685,686,-1,686,685,687,-1,686,687,688,-1,688,687,689,-1,688,689,690,-1,690,689,691,-1,690,691,692,-1,692,691,567,-1,436,443,693,-1,693,443,585,-1,693,585,694,-1,694,585,587,-1,694,587,695,-1,695,587,589,-1,695,589,696,-1,696,589,591,-1,696,591,697,-1,697,591,593,-1,697,593,420,-1,420,593,347,-1,584,349,593,-1,593,349,350,-1,593,350,347,-1,351,348,698,-1,698,348,584,-1,698,584,699,-1,699,584,592,-1,699,592,700,-1,700,592,590,-1,700,590,701,-1,701,590,588,-1,701,588,702,-1,702,588,586,-1,702,586,441,-1,441,586,442,-1,441,452,702,-1,702,452,594,-1,702,594,701,-1,701,594,596,-1,701,596,700,-1,700,596,598,-1,700,598,699,-1,699,598,600,-1,699,600,698,-1,698,600,602,-1,698,602,351,-1,351,602,352,-1,583,354,602,-1,602,354,353,-1,602,353,352,-1,356,355,703,-1,703,355,583,-1,703,583,704,-1,704,583,601,-1,704,601,705,-1,705,601,599,-1,705,599,706,-1,706,599,597,-1,706,597,707,-1,707,597,595,-1,707,595,450,-1,450,595,451,-1,450,449,707,-1,707,449,708,-1,707,708,706,-1,706,708,709,-1,706,709,705,-1,705,709,710,-1,705,710,704,-1,704,710,711,-1,704,711,703,-1,703,711,582,-1,703,582,356,-1,356,582,357,-1,359,358,581,-1,581,358,582,-1,581,582,712,-1,712,582,711,-1,712,711,713,-1,713,711,710,-1,713,710,714,-1,714,710,709,-1,714,709,715,-1,715,709,708,-1,715,708,448,-1,448,708,449,-1,361,362,580,-1,580,362,581,-1,580,581,716,-1,716,581,712,-1,716,712,717,-1,717,712,713,-1,717,713,718,-1,718,713,714,-1,718,714,719,-1,719,714,715,-1,719,715,447,-1,447,715,448,-1,363,360,720,-1,720,360,580,-1,720,580,721,-1,721,580,716,-1,721,716,722,-1,722,716,717,-1,722,717,723,-1,723,717,718,-1,723,718,724,-1,724,718,719,-1,724,719,454,-1,454,719,447,-1,454,453,724,-1,724,453,603,-1,724,603,723,-1,723,603,605,-1,723,605,722,-1,722,605,607,-1,722,607,721,-1,721,607,609,-1,721,609,720,-1,720,609,611,-1,720,611,363,-1,363,611,364,-1,579,366,611,-1,611,366,367,-1,611,367,364,-1,368,365,725,-1,725,365,579,-1,725,579,726,-1,726,579,610,-1,726,610,727,-1,727,610,608,-1,727,608,728,-1,728,608,606,-1,728,606,729,-1,729,606,604,-1,729,604,445,-1,445,604,446,-1,445,444,729,-1,729,444,612,-1,729,612,728,-1,728,612,614,-1,728,614,727,-1,727,614,616,-1,727,616,726,-1,726,616,618,-1,726,618,725,-1,725,618,620,-1,725,620,368,-1,368,620,369,-1,578,371,620,-1,620,371,370,-1,620,370,369,-1,373,372,730,-1,730,372,578,-1,730,578,731,-1,731,578,619,-1,731,619,732,-1,732,619,617,-1,732,617,733,-1,733,617,615,-1,733,615,734,-1,734,615,613,-1,734,613,424,-1,424,613,425,-1,424,463,734,-1,734,463,735,-1,734,735,733,-1,733,735,736,-1,733,736,732,-1,732,736,737,-1,732,737,731,-1,731,737,738,-1,731,738,730,-1,730,738,577,-1,730,577,373,-1,373,577,374,-1,376,375,629,-1,629,375,577,-1,629,577,627,-1,627,577,738,-1,627,738,625,-1,625,738,737,-1,625,737,623,-1,623,737,736,-1,623,736,621,-1,621,736,735,-1,621,735,464,-1,464,735,463,-1,576,378,629,-1,629,378,379,-1,629,379,376,-1,380,377,739,-1,739,377,576,-1,739,576,740,-1,740,576,628,-1,740,628,741,-1,741,628,626,-1,741,626,742,-1,742,626,624,-1,742,624,743,-1,743,624,622,-1,743,622,467,-1,467,622,468,-1,467,462,743,-1,743,462,630,-1,743,630,742,-1,742,630,632,-1,742,632,741,-1,741,632,634,-1,741,634,740,-1,740,634,636,-1,740,636,739,-1,739,636,638,-1,739,638,380,-1,380,638,381,-1,575,383,638,-1,638,383,382,-1,638,382,381,-1,385,384,744,-1,744,384,575,-1,744,575,745,-1,745,575,637,-1,745,637,746,-1,746,637,635,-1,746,635,747,-1,747,635,633,-1,747,633,748,-1,748,633,631,-1,748,631,466,-1,466,631,461,-1,466,465,748,-1,748,465,639,-1,748,639,747,-1,747,639,641,-1,747,641,746,-1,746,641,643,-1,746,643,745,-1,745,643,645,-1,745,645,744,-1,744,645,647,-1,744,647,385,-1,385,647,386,-1,574,388,647,-1,647,388,387,-1,647,387,386,-1,390,391,573,-1,573,391,574,-1,573,574,749,-1,749,574,646,-1,749,646,750,-1,750,646,644,-1,750,644,751,-1,751,644,642,-1,751,642,752,-1,752,642,640,-1,752,640,456,-1,456,640,457,-1,392,389,753,-1,753,389,573,-1,753,573,754,-1,754,573,749,-1,754,749,755,-1,755,749,750,-1,755,750,756,-1,756,750,751,-1,756,751,757,-1,757,751,752,-1,757,752,455,-1,455,752,456,-1,455,434,757,-1,757,434,648,-1,757,648,756,-1,756,648,650,-1,756,650,755,-1,755,650,652,-1,755,652,754,-1,754,652,654,-1,754,654,753,-1,753,654,656,-1,753,656,392,-1,392,656,393,-1,572,395,656,-1,656,395,396,-1,656,396,393,-1,397,394,758,-1,758,394,572,-1,758,572,759,-1,759,572,655,-1,759,655,760,-1,760,655,653,-1,760,653,761,-1,761,653,651,-1,761,651,762,-1,762,651,649,-1,762,649,422,-1,422,649,433,-1,422,421,762,-1,762,421,657,-1,762,657,761,-1,761,657,659,-1,761,659,760,-1,760,659,661,-1,760,661,759,-1,759,661,663,-1,759,663,758,-1,758,663,665,-1,758,665,397,-1,397,665,398,-1,571,400,665,-1,665,400,399,-1,665,399,398,-1,402,401,763,-1,763,401,571,-1,763,571,764,-1,764,571,664,-1,764,664,765,-1,765,664,662,-1,765,662,766,-1,766,662,660,-1,766,660,767,-1,767,660,658,-1,767,658,431,-1,431,658,432,-1,431,430,767,-1,767,430,768,-1,767,768,766,-1,766,768,769,-1,766,769,765,-1,765,769,770,-1,765,770,764,-1,764,770,771,-1,764,771,763,-1,763,771,570,-1,763,570,402,-1,402,570,403,-1,405,404,674,-1,674,404,570,-1,674,570,672,-1,672,570,771,-1,672,771,670,-1,670,771,770,-1,670,770,668,-1,668,770,769,-1,668,769,666,-1,666,769,768,-1,666,768,429,-1,429,768,430,-1,569,407,674,-1,674,407,408,-1,674,408,405,-1,409,406,772,-1,772,406,569,-1,772,569,773,-1,773,569,673,-1,773,673,774,-1,774,673,671,-1,774,671,775,-1,775,671,669,-1,775,669,776,-1,776,669,667,-1,776,667,427,-1,427,667,428,-1,427,460,776,-1,776,460,675,-1,776,675,775,-1,775,675,677,-1,775,677,774,-1,774,677,679,-1,774,679,773,-1,773,679,681,-1,773,681,772,-1,772,681,683,-1,772,683,409,-1,409,683,410,-1,568,412,683,-1,683,412,413,-1,683,413,410,-1,414,411,777,-1,777,411,568,-1,777,568,778,-1,778,568,682,-1,778,682,779,-1,779,682,680,-1,779,680,780,-1,780,680,678,-1,780,678,781,-1,781,678,676,-1,781,676,458,-1,458,676,459,-1,458,440,781,-1,781,440,684,-1,781,684,780,-1,780,684,686,-1,780,686,779,-1,779,686,688,-1,779,688,778,-1,778,688,690,-1,778,690,777,-1,777,690,692,-1,777,692,414,-1,414,692,415,-1,567,417,692,-1,692,417,416,-1,692,416,415,-1,419,418,782,-1,782,418,567,-1,782,567,783,-1,783,567,691,-1,783,691,784,-1,784,691,689,-1,784,689,785,-1,785,689,687,-1,785,687,786,-1,786,687,685,-1,786,685,437,-1,437,685,439,-1,437,436,786,-1,786,436,693,-1,786,693,785,-1,785,693,694,-1,785,694,784,-1,784,694,695,-1,784,695,783,-1,783,695,696,-1,783,696,782,-1,782,696,697,-1,782,697,419,-1,419,697,420,-1,296,295,787,-1,289,290,788,-1,284,285,789,-1,282,281,790,-1,279,278,791,-1,272,273,792,-1,267,268,793,-1,269,266,794,-1,262,261,795,-1,255,256,796,-1,253,252,797,-1,250,249,798,-1,243,244,799,-1,238,239,800,-1,240,237,801,-1,236,235,802,-1,233,232,803,-1,226,227,804,-1,331,318,805,-1,805,318,806,-1,805,806,807,-1,807,806,808,-1,807,808,809,-1,809,808,810,-1,809,810,811,-1,811,810,812,-1,811,812,813,-1,813,812,804,-1,316,300,814,-1,814,300,815,-1,814,815,816,-1,816,815,817,-1,816,817,818,-1,818,817,819,-1,818,819,820,-1,820,819,821,-1,820,821,822,-1,822,821,803,-1,321,320,823,-1,823,320,824,-1,823,824,825,-1,825,824,826,-1,825,826,827,-1,827,826,828,-1,827,828,829,-1,829,828,830,-1,829,830,831,-1,831,830,799,-1,309,308,832,-1,832,308,833,-1,832,833,834,-1,834,833,835,-1,834,835,836,-1,836,835,837,-1,836,837,838,-1,838,837,839,-1,838,839,840,-1,840,839,798,-1,310,306,841,-1,841,306,842,-1,841,842,843,-1,843,842,844,-1,843,844,845,-1,845,844,846,-1,845,846,847,-1,847,846,848,-1,847,848,849,-1,849,848,796,-1,303,325,850,-1,850,325,851,-1,850,851,852,-1,852,851,853,-1,852,853,854,-1,854,853,855,-1,854,855,856,-1,856,855,857,-1,856,857,858,-1,858,857,795,-1,323,315,859,-1,859,315,860,-1,859,860,861,-1,861,860,862,-1,861,862,863,-1,863,862,864,-1,863,864,865,-1,865,864,866,-1,865,866,867,-1,867,866,794,-1,346,345,868,-1,868,345,869,-1,868,869,870,-1,870,869,871,-1,870,871,872,-1,872,871,873,-1,872,873,874,-1,874,873,875,-1,874,875,876,-1,876,875,792,-1,341,340,877,-1,877,340,878,-1,877,878,879,-1,879,878,880,-1,879,880,881,-1,881,880,882,-1,881,882,883,-1,883,882,884,-1,883,884,885,-1,885,884,791,-1,337,330,886,-1,886,330,887,-1,886,887,888,-1,888,887,889,-1,888,889,890,-1,890,889,891,-1,890,891,892,-1,892,891,893,-1,892,893,894,-1,894,893,789,-1,327,326,895,-1,895,326,896,-1,895,896,897,-1,897,896,898,-1,897,898,899,-1,899,898,900,-1,899,900,901,-1,901,900,902,-1,901,902,903,-1,903,902,788,-1,343,334,904,-1,904,334,905,-1,904,905,906,-1,906,905,907,-1,906,907,908,-1,908,907,909,-1,908,909,910,-1,910,909,911,-1,910,911,912,-1,912,911,787,-1,332,331,913,-1,913,331,805,-1,913,805,914,-1,914,805,807,-1,914,807,915,-1,915,807,809,-1,915,809,916,-1,916,809,811,-1,916,811,917,-1,917,811,813,-1,917,813,298,-1,298,813,225,-1,804,227,813,-1,813,227,228,-1,813,228,225,-1,229,226,918,-1,918,226,804,-1,918,804,919,-1,919,804,812,-1,919,812,920,-1,920,812,810,-1,920,810,921,-1,921,810,808,-1,921,808,922,-1,922,808,806,-1,922,806,317,-1,317,806,318,-1,317,316,922,-1,922,316,814,-1,922,814,921,-1,921,814,816,-1,921,816,920,-1,920,816,818,-1,920,818,919,-1,919,818,820,-1,919,820,918,-1,918,820,822,-1,918,822,229,-1,229,822,230,-1,803,232,822,-1,822,232,231,-1,822,231,230,-1,234,233,923,-1,923,233,803,-1,923,803,924,-1,924,803,821,-1,924,821,925,-1,925,821,819,-1,925,819,926,-1,926,819,817,-1,926,817,927,-1,927,817,815,-1,927,815,299,-1,299,815,300,-1,299,302,927,-1,927,302,928,-1,927,928,926,-1,926,928,929,-1,926,929,925,-1,925,929,930,-1,925,930,924,-1,924,930,931,-1,924,931,923,-1,923,931,802,-1,923,802,234,-1,234,802,235,-1,237,236,801,-1,801,236,802,-1,801,802,932,-1,932,802,931,-1,932,931,933,-1,933,931,930,-1,933,930,934,-1,934,930,929,-1,934,929,935,-1,935,929,928,-1,935,928,336,-1,336,928,302,-1,239,240,800,-1,800,240,801,-1,800,801,936,-1,936,801,932,-1,936,932,937,-1,937,932,933,-1,937,933,938,-1,938,933,934,-1,938,934,939,-1,939,934,935,-1,939,935,335,-1,335,935,336,-1,241,238,940,-1,940,238,800,-1,940,800,941,-1,941,800,936,-1,941,936,942,-1,942,936,937,-1,942,937,943,-1,943,937,938,-1,943,938,944,-1,944,938,939,-1,944,939,322,-1,322,939,335,-1,322,321,944,-1,944,321,823,-1,944,823,943,-1,943,823,825,-1,943,825,942,-1,942,825,827,-1,942,827,941,-1,941,827,829,-1,941,829,940,-1,940,829,831,-1,940,831,241,-1,241,831,242,-1,799,244,831,-1,831,244,245,-1,831,245,242,-1,246,243,945,-1,945,243,799,-1,945,799,946,-1,946,799,830,-1,946,830,947,-1,947,830,828,-1,947,828,948,-1,948,828,826,-1,948,826,949,-1,949,826,824,-1,949,824,319,-1,319,824,320,-1,319,309,949,-1,949,309,832,-1,949,832,948,-1,948,832,834,-1,948,834,947,-1,947,834,836,-1,947,836,946,-1,946,836,838,-1,946,838,945,-1,945,838,840,-1,945,840,246,-1,246,840,247,-1,798,249,840,-1,840,249,248,-1,840,248,247,-1,251,250,950,-1,950,250,798,-1,950,798,951,-1,951,798,839,-1,951,839,952,-1,952,839,837,-1,952,837,953,-1,953,837,835,-1,953,835,954,-1,954,835,833,-1,954,833,307,-1,307,833,308,-1,307,311,954,-1,954,311,955,-1,954,955,953,-1,953,955,956,-1,953,956,952,-1,952,956,957,-1,952,957,951,-1,951,957,958,-1,951,958,950,-1,950,958,797,-1,950,797,251,-1,251,797,252,-1,254,253,849,-1,849,253,797,-1,849,797,847,-1,847,797,958,-1,847,958,845,-1,845,958,957,-1,845,957,843,-1,843,957,956,-1,843,956,841,-1,841,956,955,-1,841,955,310,-1,310,955,311,-1,796,256,849,-1,849,256,257,-1,849,257,254,-1,258,255,959,-1,959,255,796,-1,959,796,960,-1,960,796,848,-1,960,848,961,-1,961,848,846,-1,961,846,962,-1,962,846,844,-1,962,844,963,-1,963,844,842,-1,963,842,304,-1,304,842,306,-1,304,303,963,-1,963,303,850,-1,963,850,962,-1,962,850,852,-1,962,852,961,-1,961,852,854,-1,961,854,960,-1,960,854,856,-1,960,856,959,-1,959,856,858,-1,959,858,258,-1,258,858,259,-1,795,261,858,-1,858,261,260,-1,858,260,259,-1,263,262,964,-1,964,262,795,-1,964,795,965,-1,965,795,857,-1,965,857,966,-1,966,857,855,-1,966,855,967,-1,967,855,853,-1,967,853,968,-1,968,853,851,-1,968,851,324,-1,324,851,325,-1,324,323,968,-1,968,323,859,-1,968,859,967,-1,967,859,861,-1,967,861,966,-1,966,861,863,-1,966,863,965,-1,965,863,865,-1,965,865,964,-1,964,865,867,-1,964,867,263,-1,263,867,264,-1,794,266,867,-1,867,266,265,-1,867,265,264,-1,268,269,793,-1,793,269,794,-1,793,794,969,-1,969,794,866,-1,969,866,970,-1,970,866,864,-1,970,864,971,-1,971,864,862,-1,971,862,972,-1,972,862,860,-1,972,860,313,-1,313,860,315,-1,270,267,973,-1,973,267,793,-1,973,793,974,-1,974,793,969,-1,974,969,975,-1,975,969,970,-1,975,970,976,-1,976,970,971,-1,976,971,977,-1,977,971,972,-1,977,972,312,-1,312,972,313,-1,312,346,977,-1,977,346,868,-1,977,868,976,-1,976,868,870,-1,976,870,975,-1,975,870,872,-1,975,872,974,-1,974,872,874,-1,974,874,973,-1,973,874,876,-1,973,876,270,-1,270,876,271,-1,792,273,876,-1,876,273,274,-1,876,274,271,-1,275,272,978,-1,978,272,792,-1,978,792,979,-1,979,792,875,-1,979,875,980,-1,980,875,873,-1,980,873,981,-1,981,873,871,-1,981,871,982,-1,982,871,869,-1,982,869,342,-1,342,869,345,-1,342,341,982,-1,982,341,877,-1,982,877,981,-1,981,877,879,-1,981,879,980,-1,980,879,881,-1,980,881,979,-1,979,881,883,-1,979,883,978,-1,978,883,885,-1,978,885,275,-1,275,885,276,-1,791,278,885,-1,885,278,277,-1,885,277,276,-1,280,279,983,-1,983,279,791,-1,983,791,984,-1,984,791,884,-1,984,884,985,-1,985,884,882,-1,985,882,986,-1,986,882,880,-1,986,880,987,-1,987,880,878,-1,987,878,339,-1,339,878,340,-1,339,338,987,-1,987,338,988,-1,987,988,986,-1,986,988,989,-1,986,989,985,-1,985,989,990,-1,985,990,984,-1,984,990,991,-1,984,991,983,-1,983,991,790,-1,983,790,280,-1,280,790,281,-1,283,282,894,-1,894,282,790,-1,894,790,892,-1,892,790,991,-1,892,991,890,-1,890,991,990,-1,890,990,888,-1,888,990,989,-1,888,989,886,-1,886,989,988,-1,886,988,337,-1,337,988,338,-1,789,285,894,-1,894,285,286,-1,894,286,283,-1,287,284,992,-1,992,284,789,-1,992,789,993,-1,993,789,893,-1,993,893,994,-1,994,893,891,-1,994,891,995,-1,995,891,889,-1,995,889,996,-1,996,889,887,-1,996,887,329,-1,329,887,330,-1,329,327,996,-1,996,327,895,-1,996,895,995,-1,995,895,897,-1,995,897,994,-1,994,897,899,-1,994,899,993,-1,993,899,901,-1,993,901,992,-1,992,901,903,-1,992,903,287,-1,287,903,288,-1,788,290,903,-1,903,290,291,-1,903,291,288,-1,292,289,997,-1,997,289,788,-1,997,788,998,-1,998,788,902,-1,998,902,999,-1,999,902,900,-1,999,900,1000,-1,1000,900,898,-1,1000,898,1001,-1,1001,898,896,-1,1001,896,344,-1,344,896,326,-1,344,343,1001,-1,1001,343,904,-1,1001,904,1000,-1,1000,904,906,-1,1000,906,999,-1,999,906,908,-1,999,908,998,-1,998,908,910,-1,998,910,997,-1,997,910,912,-1,997,912,292,-1,292,912,293,-1,787,295,912,-1,912,295,294,-1,912,294,293,-1,297,296,1002,-1,1002,296,787,-1,1002,787,1003,-1,1003,787,911,-1,1003,911,1004,-1,1004,911,909,-1,1004,909,1005,-1,1005,909,907,-1,1005,907,1006,-1,1006,907,905,-1,1006,905,333,-1,333,905,334,-1,333,332,1006,-1,1006,332,913,-1,1006,913,1005,-1,1005,913,914,-1,1005,914,1004,-1,1004,914,915,-1,1004,915,1003,-1,1003,915,916,-1,1003,916,1002,-1,1002,916,917,-1,1002,917,297,-1,297,917,298,-1,496,1007,497,-1,497,1007,1008,-1,497,1008,516,-1,516,1008,1009,-1,516,1009,517,-1,517,1009,1010,-1,517,1010,513,-1,513,1010,1011,-1,513,1011,514,-1,514,1011,1012,-1,514,1012,515,-1,515,1012,1013,-1,515,1013,510,-1,510,1013,1014,-1,510,1014,511,-1,511,1014,1015,-1,511,1015,512,-1,512,1015,1016,-1,512,1016,507,-1,507,1016,1017,-1,507,1017,508,-1,508,1017,1018,-1,508,1018,509,-1,509,1018,1019,-1,509,1019,504,-1,504,1019,1020,-1,504,1020,505,-1,505,1020,1021,-1,505,1021,506,-1,506,1021,1022,-1,506,1022,501,-1,501,1022,1023,-1,501,1023,502,-1,502,1023,1024,-1,502,1024,503,-1,503,1024,1025,-1,503,1025,498,-1,498,1025,1026,-1,498,1026,499,-1,499,1026,1027,-1,499,1027,500,-1,500,1027,1028,-1,500,1028,493,-1,493,1028,1029,-1,493,1029,494,-1,494,1029,1030,-1,494,1030,496,-1,496,1030,1007,-1,1030,1031,1007,-1,1007,1031,1032,-1,1007,1032,1008,-1,1008,1032,1033,-1,1008,1033,1009,-1,1009,1033,1034,-1,1009,1034,1010,-1,1010,1034,1035,-1,1010,1035,1011,-1,1011,1035,1036,-1,1011,1036,1012,-1,1012,1036,1037,-1,1012,1037,1013,-1,1013,1037,1038,-1,1013,1038,1014,-1,1014,1038,1039,-1,1014,1039,1015,-1,1015,1039,1040,-1,1015,1040,1016,-1,1016,1040,1041,-1,1016,1041,1017,-1,1017,1041,1042,-1,1017,1042,1018,-1,1018,1042,1043,-1,1018,1043,1019,-1,1019,1043,1044,-1,1019,1044,1020,-1,1020,1044,1045,-1,1020,1045,1021,-1,1021,1045,1046,-1,1021,1046,1022,-1,1022,1046,1047,-1,1022,1047,1023,-1,1023,1047,1048,-1,1023,1048,1024,-1,1024,1048,1049,-1,1024,1049,1025,-1,1025,1049,1050,-1,1025,1050,1026,-1,1026,1050,1051,-1,1026,1051,1027,-1,1027,1051,1052,-1,1027,1052,1028,-1,1028,1052,1053,-1,1028,1053,1029,-1,1029,1053,1054,-1,1029,1054,1030,-1,1030,1054,1031,-1,1054,1055,1031,-1,1031,1055,1056,-1,1031,1056,1032,-1,1032,1056,1057,-1,1032,1057,1033,-1,1033,1057,1058,-1,1033,1058,1034,-1,1034,1058,1059,-1,1034,1059,1035,-1,1035,1059,1060,-1,1035,1060,1036,-1,1036,1060,1061,-1,1036,1061,1037,-1,1037,1061,1062,-1,1037,1062,1038,-1,1038,1062,1063,-1,1038,1063,1039,-1,1039,1063,1064,-1,1039,1064,1040,-1,1040,1064,1065,-1,1040,1065,1041,-1,1041,1065,1066,-1,1041,1066,1042,-1,1042,1066,1067,-1,1042,1067,1043,-1,1043,1067,1068,-1,1043,1068,1044,-1,1044,1068,1069,-1,1044,1069,1045,-1,1045,1069,1070,-1,1045,1070,1046,-1,1046,1070,1071,-1,1046,1071,1047,-1,1047,1071,1072,-1,1047,1072,1048,-1,1048,1072,1073,-1,1048,1073,1049,-1,1049,1073,1074,-1,1049,1074,1050,-1,1050,1074,1075,-1,1050,1075,1051,-1,1051,1075,1076,-1,1051,1076,1052,-1,1052,1076,1077,-1,1052,1077,1053,-1,1053,1077,1078,-1,1053,1078,1054,-1,1054,1078,1055,-1,1078,1079,1055,-1,1055,1079,1080,-1,1055,1080,1056,-1,1056,1080,1081,-1,1056,1081,1057,-1,1057,1081,1082,-1,1057,1082,1058,-1,1058,1082,1083,-1,1058,1083,1059,-1,1059,1083,1084,-1,1059,1084,1060,-1,1060,1084,1085,-1,1060,1085,1061,-1,1061,1085,1086,-1,1061,1086,1062,-1,1062,1086,1087,-1,1062,1087,1063,-1,1063,1087,1088,-1,1063,1088,1064,-1,1064,1088,1089,-1,1064,1089,1065,-1,1065,1089,1090,-1,1065,1090,1066,-1,1066,1090,1091,-1,1066,1091,1067,-1,1067,1091,1092,-1,1067,1092,1068,-1,1068,1092,1093,-1,1068,1093,1069,-1,1069,1093,1094,-1,1069,1094,1070,-1,1070,1094,1095,-1,1070,1095,1071,-1,1071,1095,1096,-1,1071,1096,1072,-1,1072,1096,1097,-1,1072,1097,1073,-1,1073,1097,1098,-1,1073,1098,1074,-1,1074,1098,1099,-1,1074,1099,1075,-1,1075,1099,1100,-1,1075,1100,1076,-1,1076,1100,1101,-1,1076,1101,1077,-1,1077,1101,1102,-1,1077,1102,1078,-1,1078,1102,1079,-1,1102,1103,1079,-1,1079,1103,1104,-1,1079,1104,1080,-1,1080,1104,1105,-1,1080,1105,1081,-1,1081,1105,1106,-1,1081,1106,1082,-1,1082,1106,1107,-1,1082,1107,1083,-1,1083,1107,1108,-1,1083,1108,1084,-1,1084,1108,1109,-1,1084,1109,1085,-1,1085,1109,1110,-1,1085,1110,1086,-1,1086,1110,1111,-1,1086,1111,1087,-1,1087,1111,1112,-1,1087,1112,1088,-1,1088,1112,1113,-1,1088,1113,1089,-1,1089,1113,1114,-1,1089,1114,1090,-1,1090,1114,1115,-1,1090,1115,1091,-1,1091,1115,1116,-1,1091,1116,1092,-1,1092,1116,1117,-1,1092,1117,1093,-1,1093,1117,1118,-1,1093,1118,1094,-1,1094,1118,1119,-1,1094,1119,1095,-1,1095,1119,1120,-1,1095,1120,1096,-1,1096,1120,1121,-1,1096,1121,1097,-1,1097,1121,1122,-1,1097,1122,1098,-1,1098,1122,1123,-1,1098,1123,1099,-1,1099,1123,1124,-1,1099,1124,1100,-1,1100,1124,1125,-1,1100,1125,1101,-1,1101,1125,1126,-1,1101,1126,1102,-1,1102,1126,1103,-1,1126,470,1103,-1,1103,470,471,-1,1103,471,1104,-1,1104,471,472,-1,1104,472,1105,-1,1105,472,473,-1,1105,473,1106,-1,1106,473,474,-1,1106,474,1107,-1,1107,474,475,-1,1107,475,1108,-1,1108,475,476,-1,1108,476,1109,-1,1109,476,477,-1,1109,477,1110,-1,1110,477,478,-1,1110,478,1111,-1,1111,478,479,-1,1111,479,1112,-1,1112,479,480,-1,1112,480,1113,-1,1113,480,481,-1,1113,481,1114,-1,1114,481,482,-1,1114,482,1115,-1,1115,482,483,-1,1115,483,1116,-1,1116,483,484,-1,1116,484,1117,-1,1117,484,485,-1,1117,485,1118,-1,1118,485,486,-1,1118,486,1119,-1,1119,486,487,-1,1119,487,1120,-1,1120,487,488,-1,1120,488,1121,-1,1121,488,489,-1,1121,489,1122,-1,1122,489,490,-1,1122,490,1123,-1,1123,490,491,-1,1123,491,1124,-1,1124,491,492,-1,1124,492,1125,-1,1125,492,469,-1,1125,469,1126,-1,1126,469,470,-1,545,1127,546,-1,546,1127,1128,-1,546,1128,565,-1,565,1128,1129,-1,565,1129,566,-1,566,1129,1130,-1,566,1130,562,-1,562,1130,1131,-1,562,1131,563,-1,563,1131,1132,-1,563,1132,564,-1,564,1132,1133,-1,564,1133,559,-1,559,1133,1134,-1,559,1134,560,-1,560,1134,1135,-1,560,1135,561,-1,561,1135,1136,-1,561,1136,556,-1,556,1136,1137,-1,556,1137,557,-1,557,1137,1138,-1,557,1138,558,-1,558,1138,1139,-1,558,1139,553,-1,553,1139,1140,-1,553,1140,554,-1,554,1140,1141,-1,554,1141,555,-1,555,1141,1142,-1,555,1142,550,-1,550,1142,1143,-1,550,1143,551,-1,551,1143,1144,-1,551,1144,552,-1,552,1144,1145,-1,552,1145,547,-1,547,1145,1146,-1,547,1146,548,-1,548,1146,1147,-1,548,1147,549,-1,549,1147,1148,-1,549,1148,542,-1,542,1148,1149,-1,542,1149,543,-1,543,1149,1150,-1,543,1150,545,-1,545,1150,1127,-1,1150,1151,1127,-1,1127,1151,1152,-1,1127,1152,1128,-1,1128,1152,1153,-1,1128,1153,1129,-1,1129,1153,1154,-1,1129,1154,1130,-1,1130,1154,1155,-1,1130,1155,1131,-1,1131,1155,1156,-1,1131,1156,1132,-1,1132,1156,1157,-1,1132,1157,1133,-1,1133,1157,1158,-1,1133,1158,1134,-1,1134,1158,1159,-1,1134,1159,1135,-1,1135,1159,1160,-1,1135,1160,1136,-1,1136,1160,1161,-1,1136,1161,1137,-1,1137,1161,1162,-1,1137,1162,1138,-1,1138,1162,1163,-1,1138,1163,1139,-1,1139,1163,1164,-1,1139,1164,1140,-1,1140,1164,1165,-1,1140,1165,1141,-1,1141,1165,1166,-1,1141,1166,1142,-1,1142,1166,1167,-1,1142,1167,1143,-1,1143,1167,1168,-1,1143,1168,1144,-1,1144,1168,1169,-1,1144,1169,1145,-1,1145,1169,1170,-1,1145,1170,1146,-1,1146,1170,1171,-1,1146,1171,1147,-1,1147,1171,1172,-1,1147,1172,1148,-1,1148,1172,1173,-1,1148,1173,1149,-1,1149,1173,1174,-1,1149,1174,1150,-1,1150,1174,1151,-1,1174,1175,1151,-1,1151,1175,1176,-1,1151,1176,1152,-1,1152,1176,1177,-1,1152,1177,1153,-1,1153,1177,1178,-1,1153,1178,1154,-1,1154,1178,1179,-1,1154,1179,1155,-1,1155,1179,1180,-1,1155,1180,1156,-1,1156,1180,1181,-1,1156,1181,1157,-1,1157,1181,1182,-1,1157,1182,1158,-1,1158,1182,1183,-1,1158,1183,1159,-1,1159,1183,1184,-1,1159,1184,1160,-1,1160,1184,1185,-1,1160,1185,1161,-1,1161,1185,1186,-1,1161,1186,1162,-1,1162,1186,1187,-1,1162,1187,1163,-1,1163,1187,1188,-1,1163,1188,1164,-1,1164,1188,1189,-1,1164,1189,1165,-1,1165,1189,1190,-1,1165,1190,1166,-1,1166,1190,1191,-1,1166,1191,1167,-1,1167,1191,1192,-1,1167,1192,1168,-1,1168,1192,1193,-1,1168,1193,1169,-1,1169,1193,1194,-1,1169,1194,1170,-1,1170,1194,1195,-1,1170,1195,1171,-1,1171,1195,1196,-1,1171,1196,1172,-1,1172,1196,1197,-1,1172,1197,1173,-1,1173,1197,1198,-1,1173,1198,1174,-1,1174,1198,1175,-1,1198,1199,1175,-1,1175,1199,1200,-1,1175,1200,1176,-1,1176,1200,1201,-1,1176,1201,1177,-1,1177,1201,1202,-1,1177,1202,1178,-1,1178,1202,1203,-1,1178,1203,1179,-1,1179,1203,1204,-1,1179,1204,1180,-1,1180,1204,1205,-1,1180,1205,1181,-1,1181,1205,1206,-1,1181,1206,1182,-1,1182,1206,1207,-1,1182,1207,1183,-1,1183,1207,1208,-1,1183,1208,1184,-1,1184,1208,1209,-1,1184,1209,1185,-1,1185,1209,1210,-1,1185,1210,1186,-1,1186,1210,1211,-1,1186,1211,1187,-1,1187,1211,1212,-1,1187,1212,1188,-1,1188,1212,1213,-1,1188,1213,1189,-1,1189,1213,1214,-1,1189,1214,1190,-1,1190,1214,1215,-1,1190,1215,1191,-1,1191,1215,1216,-1,1191,1216,1192,-1,1192,1216,1217,-1,1192,1217,1193,-1,1193,1217,1218,-1,1193,1218,1194,-1,1194,1218,1219,-1,1194,1219,1195,-1,1195,1219,1220,-1,1195,1220,1196,-1,1196,1220,1221,-1,1196,1221,1197,-1,1197,1221,1222,-1,1197,1222,1198,-1,1198,1222,1199,-1,1222,1223,1199,-1,1199,1223,1224,-1,1199,1224,1200,-1,1200,1224,1225,-1,1200,1225,1201,-1,1201,1225,1226,-1,1201,1226,1202,-1,1202,1226,1227,-1,1202,1227,1203,-1,1203,1227,1228,-1,1203,1228,1204,-1,1204,1228,1229,-1,1204,1229,1205,-1,1205,1229,1230,-1,1205,1230,1206,-1,1206,1230,1231,-1,1206,1231,1207,-1,1207,1231,1232,-1,1207,1232,1208,-1,1208,1232,1233,-1,1208,1233,1209,-1,1209,1233,1234,-1,1209,1234,1210,-1,1210,1234,1235,-1,1210,1235,1211,-1,1211,1235,1236,-1,1211,1236,1212,-1,1212,1236,1237,-1,1212,1237,1213,-1,1213,1237,1238,-1,1213,1238,1214,-1,1214,1238,1239,-1,1214,1239,1215,-1,1215,1239,1240,-1,1215,1240,1216,-1,1216,1240,1241,-1,1216,1241,1217,-1,1217,1241,1242,-1,1217,1242,1218,-1,1218,1242,1243,-1,1218,1243,1219,-1,1219,1243,1244,-1,1219,1244,1220,-1,1220,1244,1245,-1,1220,1245,1221,-1,1221,1245,1246,-1,1221,1246,1222,-1,1222,1246,1223,-1,1246,519,1223,-1,1223,519,520,-1,1223,520,1224,-1,1224,520,521,-1,1224,521,1225,-1,1225,521,522,-1,1225,522,1226,-1,1226,522,523,-1,1226,523,1227,-1,1227,523,524,-1,1227,524,1228,-1,1228,524,525,-1,1228,525,1229,-1,1229,525,526,-1,1229,526,1230,-1,1230,526,527,-1,1230,527,1231,-1,1231,527,528,-1,1231,528,1232,-1,1232,528,529,-1,1232,529,1233,-1,1233,529,530,-1,1233,530,1234,-1,1234,530,531,-1,1234,531,1235,-1,1235,531,532,-1,1235,532,1236,-1,1236,532,533,-1,1236,533,1237,-1,1237,533,534,-1,1237,534,1238,-1,1238,534,535,-1,1238,535,1239,-1,1239,535,536,-1,1239,536,1240,-1,1240,536,537,-1,1240,537,1241,-1,1241,537,538,-1,1241,538,1242,-1,1242,538,539,-1,1242,539,1243,-1,1243,539,540,-1,1243,540,1244,-1,1244,540,541,-1,1244,541,1245,-1,1245,541,518,-1,1245,518,1246,-1,1246,518,519,-1,
        ]
    }
}
Shape{
    appearance Appearance {
        material  Material 	{
            diffuseColor 0.8509803921568627 0.8509803921568627 0.8509803921568627
            specularColor 0.4235294117647059 0.4235294117647059 0.4235294117647059
            ambientIntensity 0.851
            transparency 0.0
            shininess 0.5
        }
    }
    geometry IndexedFaceSet {
        ccw TRUE
        solid FALSE
        coord DEF co Coordinate {
            point [
                1.1218 -0.0591 -1.0534, 1.1218 -0.0591 0.0, 1.1218 0.0591 -1.0534, 1.1218 0.0591 0.0, 1.3187 0.0591 -1.378, 1.24 0.0591 -1.378, 1.4368 0.0591 -1.0534, 1.4368 0.0591 0.0, 1.4368 -0.0591 -1.0534, 1.4368 -0.0591 0.0, 1.3187 -0.0591 -1.378, 1.24 -0.0591 -1.378, -1.2101 0.1531 -1.0534, -1.2101 0.1531 0.0, -1.1266 0.0696 -1.0534, -1.1266 0.0696 0.0, -1.2658 -0.0696 -1.378, -1.2101 -0.0139 -1.378, -1.3493 -0.1531 -1.0534, -1.3493 -0.1531 0.0, -1.4328 -0.0696 -1.0534, -1.4328 -0.0696 0.0, -1.3493 0.0139 -1.378, -1.2936 0.0696 -1.378
            ]
        }
        coordIndex [
            0,1,2,-1,2,1,3,-1,4,5,6,-1,6,5,2,-1,6,2,7,-1,7,2,3,-1,6,7,8,-1,8,7,9,-1,9,1,8,-1,8,1,0,-1,8,0,10,-1,10,0,11,-1,10,11,4,-1,4,11,5,-1,12,13,14,-1,14,13,15,-1,16,17,18,-1,18,17,14,-1,18,14,19,-1,19,14,15,-1,18,19,20,-1,20,19,21,-1,21,13,20,-1,20,13,12,-1,20,12,22,-1,22,12,23,-1,22,23,16,-1,16,23,17,-1,16,18,22,-1,22,18,20,-1,23,12,17,-1,17,12,14,-1,4,6,10,-1,10,6,8,-1,11,0,5,-1,5,0,2,-1,
        ]
    }
}
Shape{
    appearance Appearance {
        material  Material 	{
            diffuseColor 0.2235294117647059 0.2235294117647059 0.2235294117647059
            specularColor 0.11372549019607843 0.11372549019607843 0.11372549019607843
            ambientIntensity 0.2235
            transparency 0.0
            shininess 0.5
        }
    }
    geometry IndexedFaceSet {
        ccw TRUE
        solid FALSE
        coord DEF co Coordinate {
            point [
                2.4577 0.1168 0.8156, 2.4577 0.1168 0.7752, 2.4561 0.1458 0.7752, 2.4361 -0.3455 0.8321, 2.4325 -0.3695 0.8487, 2.421 -0.4352 0.6774, 2.4283 -0.3963 0.859, 2.4494 -0.2322 0.6892, 2.4494 -0.2327 0.6967, 2.4377 -0.3339 0.6713, 2.449 -0.2367 0.7131, 2.4482 -0.2446 0.7278, 2.4472 -0.2545 0.7388, 2.4458 -0.2677 0.7481, 2.4414 -0.3057 0.7558, 2.4339 -0.3603 0.7165, 2.4422 -0.2988 0.7558, 2.4441 -0.2826 0.7538, 2.4354 -0.3497 0.6203, 2.4363 -0.3439 0.6226, 2.4347 -0.355 0.6166, 2.4372 -0.3373 0.6235, 2.4373 -0.3364 0.6234, 2.4377 -0.3339 0.6229, 2.4379 -0.3321 0.6226, 2.4428 -0.2937 0.6226, 2.4446 -0.2784 0.6255, 2.4463 -0.2633 0.6325, 2.4476 -0.2507 0.6428, 2.4477 -0.2496 0.644, 2.4487 -0.2402 0.6574, 2.4493 -0.2343 0.6726, 2.4407 -0.3109 0.7796, 2.439 -0.3241 0.8071, 2.4364 -0.3433 0.8301, 2.43 -0.3855 0.9089, 2.4561 -0.1458 1.9685, 2.4233 -0.4261 0.9138, 2.4216 -0.4353 1.9685, 2.4493 -0.2342 0.7879, 2.4514 -0.2111 0.7683, 2.4364 -0.3432 0.8925, 2.4408 -0.3099 0.8694, 2.4444 -0.2804 0.8347, 2.4462 -0.2638 0.8019, 2.4467 -0.2596 0.8005, 2.4528 -0.1936 0.744, 2.4536 -0.1832 0.7179, 2.4539 -0.1793 0.6901, 2.4536 -0.1832 0.6596, 2.4528 -0.1939 0.6325, 2.4561 -0.1458 0.1969, 2.4514 -0.2109 0.6089, 2.4493 -0.2341 0.5893, 2.4466 -0.2602 0.5765, 2.4434 -0.2886 0.5705, 2.4216 -0.4353 0.1969, 2.437 -0.339 0.5705, 2.4363 -0.3438 0.5713, 2.4355 -0.3494 0.5735, 2.4347 -0.355 0.5775, 2.4344 -0.357 0.5795, 2.4339 -0.3607 0.5848, 2.4212 -0.4352 0.6177, 2.4335 -0.3629 0.5906, 2.4334 -0.3637 0.597, 2.4334 -0.3635 0.6004, 2.4337 -0.3618 0.6069, 2.4342 -0.3585 0.6127, 2.3533 -0.7181 0.7466, 2.3574 -0.7045 0.7773, 2.3532 -0.7186 1.9685, 2.3635 -0.684 0.8036, 2.3651 -0.6782 0.8091, 2.3727 -0.651 0.8282, 2.3812 -0.6194 0.8405, 2.3985 -0.5486 0.8633, 2.403 -0.5286 0.8805, 2.3944 -0.5661 0.8429, 2.3921 -0.576 0.8438, 2.3897 -0.5858 0.8446, 2.4082 -0.5042 0.8952, 2.4162 -0.4645 0.9095, 2.4216 -0.4353 0.9128, 2.3515 -0.7241 0.7063, 2.3516 -0.7239 0.7145, 2.2516 -0.9919 0.1969, 2.3531 -0.7186 0.7437, 2.4183 -0.4534 0.6081, 2.4183 -0.4534 0.5995, 2.3698 -0.6616 0.5905, 2.3622 -0.6882 0.6132, 2.3532 -0.7186 0.1969, 2.4093 -0.4991 0.524, 2.4053 -0.5181 0.5167, 2.4127 -0.4821 0.5359, 2.4182 -0.4539 0.5907, 2.4173 -0.4589 0.5696, 2.4153 -0.469 0.5506, 2.3953 -0.5623 0.5174, 2.4 -0.5421 0.5142, 2.4007 -0.5388 0.5142, 2.3906 -0.582 0.5256, 2.3865 -0.5987 0.5382, 2.3833 -0.6114 0.5539, 2.3811 -0.6199 0.5722, 2.3782 -0.6307 0.5754, 2.3565 -0.7077 0.6411, 2.3531 -0.7186 0.6694, 2.3527 -0.72 0.6729, 2.4112 -0.4897 0.6703, 2.4142 -0.4748 0.6568, 2.4122 -0.4846 0.8472, 2.4075 -0.5075 0.8305, 2.4034 -0.5266 0.8076, 2.4075 -0.5078 0.6801, 2.4005 -0.5397 0.7806, 2.403 -0.5284 0.6852, 2.4234 -0.4252 0.8626, 2.4216 -0.4353 0.8613, 2.4177 -0.4567 0.8585, 2.3677 -0.6693 0.6949, 2.3683 -0.6669 0.6842, 2.3837 -0.6096 0.6478, 2.3694 -0.6632 0.674, 2.3722 -0.653 0.6566, 2.3764 -0.6377 0.6409, 2.3813 -0.6191 0.6294, 2.3674 -0.6703 0.708, 2.3873 -0.5955 0.6639, 2.3681 -0.6678 0.7287, 2.3824 -0.6149 0.7879, 2.3774 -0.6339 0.7778, 2.3916 -0.578 0.6761, 2.3734 -0.6486 0.7647, 2.3701 -0.6604 0.7477, 2.3991 -0.5458 0.7839, 2.3961 -0.5592 0.6833, 2.4007 -0.5388 0.6858, 2.3947 -0.5649 0.7909, 2.3899 -0.5849 0.7934, 2.3877 -0.5938 0.7929, 2.4544 0.172 0.5312, 2.4561 0.1458 0.1969, 2.454 0.178 0.5335, 2.4216 0.4353 0.1969, 2.4548 0.1659 0.5305, 2.4551 0.1626 0.5306, 2.4555 0.1562 0.5318, 2.4526 0.1965 0.558, 2.4531 0.1897 0.5447, 2.4475 0.2517 0.5709, 2.4535 0.1841 0.5382, 2.4536 0.1832 0.5372, 2.4555 0.1562 0.5451, 2.4553 0.1593 0.5441, 2.4557 0.1531 0.6567, 2.4549 0.1648 0.5434, 2.4547 0.1686 0.5439, 2.4544 0.1718 0.5452, 2.4542 0.1744 0.5469, 2.454 0.1772 0.5501, 2.4538 0.1802 0.5555, 2.4533 0.1868 0.5711, 2.4561 0.1458 0.8293, 2.4552 0.1597 0.8293, 2.455 0.1631 0.8678, 2.4491 0.2355 0.6567, 2.4475 0.2517 0.691, 2.4506 0.2199 0.6567, 2.4322 0.3717 0.7943, 2.4393 0.3217 0.7943, 2.4408 0.3101 0.7615, 2.4429 0.293 0.7615, 2.4404 0.3136 0.691, 2.4441 0.2831 0.8013, 2.4448 0.2772 0.7889, 2.4458 0.2682 0.7783, 2.4471 0.2557 0.7693, 2.4485 0.242 0.7639, 2.4504 0.2216 0.7615, 2.4532 0.1886 0.7615, 2.4561 0.1458 0.7615, 2.4546 0.17 0.6567, 2.4548 0.1659 0.7615, 2.4529 0.1924 0.5922, 2.4528 0.1942 0.5852, 2.4527 0.1946 0.5852, 2.4527 0.1954 0.5881, 2.4526 0.1965 0.5921, 2.4291 0.3916 0.689, 2.4275 0.4011 0.7615, 2.432 0.3732 0.691, 2.4303 0.3839 0.7615, 2.437 0.339 0.691, 2.4267 0.4061 0.6837, 2.4246 0.4186 0.6751, 2.4238 0.4229 0.671, 2.4459 0.2672 0.6772, 2.4459 0.2672 0.6388, 2.4404 0.3136 0.6772, 2.4408 0.3101 0.6388, 2.437 0.339 0.5709, 2.4408 0.3101 0.625, 2.4486 0.2412 0.8795, 2.4561 0.1458 1.9685, 2.4503 0.2228 0.8816, 2.4532 0.1886 0.8816, 2.4471 0.2557 0.8742, 2.4458 0.2682 0.8657, 2.437 0.3388 0.8816, 2.4453 0.2725 0.8615, 2.4445 0.2799 0.851, 2.4439 0.2844 0.8396, 2.4437 0.2863 0.8231, 2.4438 0.286 0.8154, 2.4225 0.4303 0.6605, 2.4217 0.4348 0.649, 2.4216 0.4353 1.9685, 2.4346 0.3553 0.8816, 2.423 0.4276 0.5984, 2.4246 0.4186 0.5878, 2.4267 0.4061 0.5788, 2.4289 0.3924 0.5734, 2.4321 0.372 0.5709, 2.4459 0.2672 0.625, 2.4459 0.2672 0.5846, 2.44 0.3163 0.5846, 2.44 0.3163 0.5709, 2.4169 0.4605 0.5709, 2.4201 0.4434 0.5709, 2.4044 0.5221 0.6038, 2.4147 0.4721 0.6038, 2.4017 0.5344 0.5709, 2.3532 0.7186 0.1969, 2.4216 0.4353 0.6449, 2.4214 0.4368 0.6325, 2.4113 0.4892 0.691, 2.4214 0.4364 0.6249, 2.4216 0.4353 0.6194, 2.4219 0.4335 0.6108, 2.3532 0.7186 1.9685, 2.4079 0.5057 0.691, 2.3978 0.5515 0.5709, 2.4548 0.1659 0.7752, 2.4552 0.1597 0.8156, 2.4561 0.1458 0.8156, 2.4561 0.1458 0.8678, 2.4577 0.1168 0.8678, 2.4577 0.1168 0.8293, 2.4561 0.1453 0.5943, 2.4562 0.1446 0.5882, 2.4563 0.1427 0.5835, 2.4564 0.1399 0.5795, 2.4567 0.1356 0.5757, 2.4569 0.1321 0.5735, 2.4573 0.1241 0.5705, 2.4595 0.067 0.5709, 2.4599 0.0519 0.5709, 2.4603 0.0253 0.5689, 2.4604 0.0163 0.57, 2.4604 0.0105 0.5721, 2.4604 0.0054 0.5757, 2.4604 -0.0163 0.5709, 2.4604 0.0038 0.5773, 2.4604 0.0006 0.582, 2.4604 -0.0163 0.5846, 2.4604 -0.0012 0.587, 2.4604 -0.0019 0.5939, 2.4604 -0.0019 0.5962, 2.4604 -0.0008 0.6026, 2.4604 0.0013 0.6078, 2.4604 0.0044 0.6121, 2.4604 0.0091 0.616, 2.4604 0.0064 0.6361, 2.4604 0.0157 0.6193, 2.4604 0.0153 0.6419, 2.4603 0.0265 0.6219, 2.4601 0.0397 0.6459, 2.4602 0.0346 0.6465, 2.4603 0.0246 0.6453, 2.4599 0.0519 0.6255, 2.4599 0.0514 0.6321, 2.4599 0.0499 0.6375, 2.46 0.0481 0.6406, 2.46 0.0458 0.643, 2.4601 0.0432 0.6447, 2.4599 0.0519 0.5842, 2.4599 0.0515 0.5842, 2.46 0.0477 0.5787, 2.4601 0.0427 0.5741, 2.4601 0.0398 0.5723, 2.4602 0.0338 0.57, 2.4596 0.0654 0.776, 2.4592 0.0772 0.7813, 2.4604 0.0038 0.8147, 2.4599 0.0489 0.8696, 2.4596 0.0637 0.8678, 2.4593 0.0759 0.8632, 2.4601 0.0432 0.8693, 2.4602 0.0329 0.8671, 2.4603 0.0236 0.8625, 2.4604 0.0162 0.8563, 2.4604 0.0154 0.8554, 2.4604 0.0096 0.847, 2.4604 0.0056 0.8366, 2.4604 0.0036 0.8202, 2.4604 0.0059 0.8029, 2.4602 0.0308 0.7796, 2.4604 0.0099 0.7934, 2.4604 0.0154 0.7859, 2.4604 0.0188 0.7826, 2.4603 0.0269 0.7773, 2.4602 0.0358 0.7743, 2.46 0.0462 0.7733, 2.4599 0.0518 0.7735, 2.4596 -0.0654 0.6772, 2.4596 -0.0654 0.6388, 2.4604 -0.0191 0.6772, 2.4603 -0.0225 0.6388, 2.4603 -0.0225 0.625, 2.4591 -0.0809 0.5709, 2.4591 -0.0809 0.691, 2.4604 0.0096 0.6525, 2.4603 0.0208 0.6568, 2.4604 -0.0176 0.7615, 2.4604 0.0064 0.6507, 2.4604 -0.0191 0.691, 2.4579 0.1121 0.5812, 2.4578 0.1128 0.5813, 2.458 0.1102 0.6086, 2.4575 0.1205 0.5821, 2.4573 0.1244 0.5835, 2.4572 0.1257 0.5843, 2.4571 0.1275 0.5858, 2.4571 0.1282 0.5868, 2.4575 0.1201 0.6045, 2.4571 0.1288 0.5878, 2.457 0.1296 0.5899, 2.457 0.1299 0.5928, 2.457 0.1297 0.5947, 2.457 0.129 0.597, 2.4571 0.1279 0.599, 2.4572 0.126 0.601, 2.4586 0.0942 0.6174, 2.4589 0.0874 0.5895, 2.4583 0.1013 0.6127, 2.4587 0.0934 0.5857, 2.4583 0.1029 0.5822, 2.4587 0.0917 0.62, 2.4595 0.067 0.6261, 2.4589 0.0874 0.5739, 2.4585 0.0965 0.5706, 2.4579 0.1106 0.5689, 2.4588 0.0898 0.6231, 2.4589 0.0881 0.6277, 2.4595 0.0659 0.6372, 2.4589 0.0875 0.6336, 2.4589 0.0881 0.6389, 2.4588 0.0898 0.6438, 2.4597 0.0605 0.6491, 2.4596 0.0636 0.6441, 2.4602 0.036 0.6587, 2.46 0.0453 0.6578, 2.4599 0.0516 0.6558, 2.4596 -0.0654 0.625, 2.4596 -0.0654 0.5846, 2.4583 0.1013 0.8816, 2.4561 0.1458 0.8816, 2.455 0.1631 0.8816, 2.4591 -0.0809 0.7615, 2.4591 -0.0809 0.8816, 2.4596 -0.0654 0.7752, 2.4604 -0.0127 0.8192, 2.4596 -0.0654 0.8816, 2.4604 -0.0125 0.8255, 2.4604 -0.0097 0.8412, 2.4604 -0.004 0.8545, 2.4604 0.0047 0.8659, 2.4604 0.0076 0.8688, 2.4604 0.0 1.9685, 2.4604 0.0189 0.8766, 2.4602 0.0314 0.8815, 2.4599 0.0488 0.8836, 2.4596 0.0645 0.8824, 2.4592 0.0772 0.8787, 2.4592 0.0772 0.8625, 2.4583 0.1013 0.7615, 2.4585 0.0971 0.6519, 2.4583 0.102 0.6547, 2.458 0.1104 0.6576, 2.4575 0.1209 0.6587, 2.4603 0.0237 0.7625, 2.4604 0.0124 0.7678, 2.4593 0.0752 0.7654, 2.4592 0.0772 0.7664, 2.4596 0.0623 0.7612, 2.46 0.044 0.7594, 2.4602 0.0367 0.7598, 2.4587 0.0926 0.6479, 2.4598 0.0566 0.6529, 2.4604 0.0027 0.7758, 2.4604 0.0017 0.7769, 2.4604 -0.0176 0.7752, 2.4604 -0.0054 0.7872, 2.4604 -0.0103 0.7997, 2.4564 0.1403 0.6084, 2.4563 0.1431 0.6043, 2.4564 0.1412 0.6403, 2.4582 0.1053 0.6413, 2.4582 0.104 0.6393, 2.4582 0.1053 0.6391, 2.4583 0.1032 0.6373, 2.4583 0.103 0.6349, 2.4575 0.1194 0.6465, 2.4577 0.1149 0.6461, 2.4579 0.1109 0.6451, 2.4581 0.1075 0.6433, 2.4583 0.1031 0.6329, 2.4582 0.1037 0.6306, 2.4582 0.1048 0.6285, 2.4581 0.1063 0.6269, 2.4579 0.1116 0.6236, 2.457 0.129 0.6454, 2.4575 0.1209 0.6196, 2.4566 0.1375 0.6423, 2.4572 0.1267 0.6172, 2.4566 0.1367 0.6117, 2.4569 0.1314 0.6577, 2.4564 0.1412 0.6549, 2.4562 0.1447 0.5999, 0.2183 -2.4509 0.5906, 0.3935 -2.4289 0.5906, 0.5066 -2.4079 1.9685, 0.2183 -2.4509 1.9685, -0.0731 -2.4595 1.9685, -0.0731 -2.4595 0.5906, -0.3635 -2.4337 1.9685, -0.3635 -2.4337 0.5906, -0.6488 -2.3736 0.1969, -0.3939 -2.4289 0.1969, -0.3939 -2.4289 0.5906, 2.2516 -0.9919 1.9685, 2.1185 -1.2513 1.9685, 2.1185 -1.2513 0.1969, 1.9556 -1.4931 1.9685, 1.9556 -1.4931 0.1969, 1.7653 -1.714 1.9685, 1.7653 -1.714 0.1969, 1.5502 -1.9107 1.9685, 1.5502 -1.9107 0.1969, 1.3133 -2.0807 1.9685, 1.3133 -2.0807 0.1969, 1.058 -2.2215 1.9685, 1.058 -2.2215 0.1969, 0.7879 -2.331 1.9685, 0.7879 -2.331 0.1969, 0.5066 -2.4079 0.1969, 0.3935 -2.4289 0.1969, -0.6488 -2.3736 1.9685, -0.925 -2.2802 1.9685, -0.925 -2.2802 0.1969, -1.1882 -2.1549 1.9685, -1.1882 -2.1549 0.1969, -1.4347 -1.9992 1.9685, -1.4347 -1.9992 0.1969, -1.6611 -1.8155 1.9685, -1.6611 -1.8155 0.1969, -1.8642 -1.6064 1.9685, -1.8642 -1.6064 0.1969, -2.0411 -1.3746 1.9685, -2.0411 -1.3746 0.1969, -2.1893 -1.1236 1.9685, -2.1893 -1.1236 0.1969, -2.3068 -0.8568 1.9685, -2.3068 -0.8568 0.1969, -2.392 -0.578 1.9685, -2.392 -0.578 0.1969, -2.4436 -0.291 1.9685, -2.4436 -0.291 0.1969, -2.4608 0.0 1.9685, -2.4608 0.0 0.1969, -2.4436 0.291 1.9685, -2.4436 0.291 0.1969, -2.392 0.578 1.9685, -2.392 0.578 0.1969, -2.3068 0.8568 1.9685, -2.3068 0.8568 0.1969, -2.1893 1.1236 1.9685, -2.1893 1.1236 0.1969, -2.0411 1.3746 1.9685, -2.0411 1.3746 0.1969, -1.8642 1.6064 1.9685, -1.8642 1.6064 0.1969, -1.6611 1.8155 1.9685, -1.6611 1.8155 0.1969, -1.4347 1.9992 1.9685, -1.4347 1.9992 0.1969, -1.1882 2.1549 1.9685, -1.1882 2.1549 0.1969, -0.925 2.2802 1.9685, -0.925 2.2802 0.1969, -0.6488 2.3736 1.9685, -0.6488 2.3736 0.1969, -0.3635 2.4337 1.9685, -0.3635 2.4337 0.1969, -0.0731 2.4595 1.9685, -0.0731 2.4595 0.1969, 0.2183 2.4509 1.9685, 0.2183 2.4509 0.1969, 0.5066 2.4079 1.9685, 0.5066 2.4079 0.1969, 0.7879 2.331 1.9685, 0.7879 2.331 0.1969, 1.058 2.2215 1.9685, 1.058 2.2215 0.1969, 1.3133 2.0807 1.9685, 1.3133 2.0807 0.1969, 1.5502 1.9107 1.9685, 1.5502 1.9107 0.1969, 1.7653 1.714 1.9685, 1.7653 1.714 0.1969, 1.9556 1.4931 1.9685, 1.9556 1.4931 0.1969, 2.1185 1.2513 1.9685, 2.1185 1.2513 0.1969, 2.2516 0.9919 1.9685, 2.2516 0.9919 0.1969, 2.2636 -0.0 0.1969, 2.2464 -0.2782 0.1969, 2.1952 -0.5522 0.1969, 2.1107 -0.8178 0.1969, 1.9942 -1.071 0.1969, 1.8475 -1.308 0.1969, 1.6728 -1.5251 0.1969, 1.4727 -1.7191 0.1969, 1.2502 -1.8871 0.1969, 1.0089 -2.0265 0.1969, 0.7522 -2.1351 0.1969, 0.4841 -2.2114 0.1969, 0.3935 -2.2293 0.1969, -0.3939 -2.2293 0.1969, -0.6197 -2.1774 0.1969, -0.8826 -2.0847 0.1969, -1.1321 -1.9605 0.1969, -1.3644 -1.8065 0.1969, -1.5761 -1.6252 0.1969, -1.7639 -1.4192 0.1969, -1.9249 -1.1917 0.1969, -2.0568 -0.9462 0.1969, -2.1574 -0.6863 0.1969, -2.2254 -0.416 0.1969, -2.2597 -0.1394 0.1969, -2.2597 0.1394 0.1969, -2.2254 0.416 0.1969, -2.1574 0.6863 0.1969, -2.0568 0.9462 0.1969, -1.9249 1.1917 0.1969, -1.7639 1.4192 0.1969, -1.5761 1.6252 0.1969, -1.3644 1.8065 0.1969, -1.1321 1.9605 0.1969, -0.8826 2.0847 0.1969, -0.6197 2.1774 0.1969, -0.3474 2.237 0.1969, -0.0699 2.2627 0.1969, 0.2087 2.2541 0.1969, 0.4841 2.2114 0.1969, 0.7522 2.1351 0.1969, 1.0089 2.0265 0.1969, 1.2502 1.8871 0.1969, 1.4727 1.7191 0.1969, 1.6728 1.5251 0.1969, 1.8475 1.308 0.1969, 1.9942 1.071 0.1969, 2.1107 0.8178 0.1969, 2.1952 0.5522 0.1969, 2.2464 0.2782 0.1969, -0.3939 -2.2293 0.5906, 0.4841 -2.2114 1.7717, 0.3935 -2.2293 0.5906, 0.2087 -2.2541 1.7717, 0.2087 -2.2541 0.5906, -0.0699 -2.2627 1.7717, -0.0699 -2.2627 0.5906, -0.3474 -2.237 1.7717, -0.3474 -2.237 0.5906, -0.6197 -2.1774 1.7717, 0.7522 -2.1351 1.7717, 1.0089 -2.0265 1.7717, 1.2502 -1.8871 1.7717, 1.4727 -1.7191 1.7717, 1.6728 -1.5251 1.7717, 1.8475 -1.308 1.7717, 1.9942 -1.071 1.7717, 2.1107 -0.8178 1.7717, 2.1952 -0.5522 1.7717, 2.2464 -0.2782 1.7717, 2.2636 -0.0 1.7717, 2.2464 0.2782 1.7717, 2.1952 0.5522 1.7717, 2.1107 0.8178 1.7717, 1.9942 1.071 1.7717, 1.8475 1.308 1.7717, 1.6728 1.5251 1.7717, 1.4727 1.7191 1.7717, 1.2502 1.8871 1.7717, 1.0089 2.0265 1.7717, 0.7522 2.1351 1.7717, 0.4841 2.2114 1.7717, 0.2087 2.2541 1.7717, -0.0699 2.2627 1.7717, -0.3474 2.237 1.7717, -0.6197 2.1774 1.7717, -0.8826 2.0847 1.7717, -1.1321 1.9605 1.7717, -1.3644 1.8065 1.7717, -1.5761 1.6252 1.7717, -1.7639 1.4192 1.7717, -1.9249 1.1917 1.7717, -2.0568 0.9462 1.7717, -2.1574 0.6863 1.7717, -2.2254 0.416 1.7717, -2.2597 0.1394 1.7717, -2.2597 -0.1394 1.7717, -2.2254 -0.416 1.7717, -2.1574 -0.6863 1.7717, -2.0568 -0.9462 1.7717, -1.9249 -1.1917 1.7717, -1.7639 -1.4192 1.7717, -1.5761 -1.6252 1.7717, -1.3644 -1.8065 1.7717, -1.1321 -1.9605 1.7717, -0.8826 -2.0847 1.7717, 2.2554 -0.192 2.1654, 0.3935 0.0 2.1654, 2.231 -0.3826 2.1654, 0.3801 -0.1019 2.1654, 2.1905 -0.5704 2.1654, 2.1343 -0.7542 2.1654, -1.4958 1.6994 2.1654, -1.6345 1.5664 2.1654, -0.2786 0.2784 2.1654, 1.1867 1.9277 2.1654, 1.019 2.0214 2.1654, 0.1967 0.341 2.1654, 0.8439 2.1005 2.1654, 0.1017 0.3803 2.1654, 1.3459 1.8201 2.1654, 0.2782 0.2784 2.1654, 1.4954 1.6994 2.1654, 1.9761 1.104 2.1654, 1.8754 1.2677 2.1654, 0.3408 0.1969 2.1654, 1.7611 1.4222 2.1654, 1.6342 1.5664 2.1654, 2.231 0.3826 2.1654, 0.3801 0.1019 2.1654, 2.2554 0.192 2.1654, 2.2636 -0.0 2.1654, 2.0626 -0.9325 2.1654, 0.3408 -0.1969 2.1654, 1.9761 -1.104 2.1654, 0.2782 -0.2784 2.1654, 1.7611 -1.4222 2.1654, 1.8754 -1.2677 2.1654, 1.1867 -1.9277 2.1654, 1.3459 -1.8201 2.1654, 0.1967 -0.341 2.1654, 1.4954 -1.6994 2.1654, 1.6342 -1.5664 2.1654, -0.4771 2.213 2.1654, -0.1021 0.3803 2.1654, -0.2877 2.2454 2.1654, -0.0002 0.3937 2.1654, -0.0963 2.2617 2.1654, 0.0959 2.2617 2.1654, 0.6627 2.1646 2.1654, 0.4767 2.213 2.1654, 0.2873 2.2454 2.1654, 2.1905 0.5704 2.1654, 2.1343 0.7542 2.1654, 2.0626 0.9325 2.1654, 0.1017 -0.3803 2.1654, 0.8439 -2.1005 2.1654, 1.019 -2.0214 2.1654, -0.0002 -0.3937 2.1654, -0.0963 -2.2617 2.1654, 0.0959 -2.2617 2.1654, 0.2873 -2.2454 2.1654, 0.4767 -2.213 2.1654, 0.6627 -2.1646 2.1654, -0.2877 -2.2454 2.1654, -0.1021 -0.3803 2.1654, -0.4771 -2.213 2.1654, -1.3463 1.8201 2.1654, -0.197 0.341 2.1654, -1.1871 1.9277 2.1654, -0.6631 2.1646 2.1654, -0.8443 2.1005 2.1654, -1.0194 2.0214 2.1654, -1.1871 -1.9277 2.1654, -1.0194 -2.0214 2.1654, -0.197 -0.341 2.1654, -0.8443 -2.1005 2.1654, -0.6631 -2.1646 2.1654, -1.7615 -1.4222 2.1654, -1.6345 -1.5664 2.1654, -0.2786 -0.2784 2.1654, -1.4958 -1.6994 2.1654, -1.3463 -1.8201 2.1654, -1.8758 -1.2677 2.1654, -0.3412 -0.1969 2.1654, -1.9765 -1.104 2.1654, -2.2314 -0.3826 2.1654, -2.1909 -0.5704 2.1654, -0.3805 -0.1019 2.1654, -2.1347 -0.7542 2.1654, -2.063 -0.9325 2.1654, -2.063 0.9325 2.1654, -2.1347 0.7542 2.1654, -0.3412 0.1969 2.1654, -0.3805 0.1019 2.1654, -1.7615 1.4222 2.1654, -1.8758 1.2677 2.1654, -1.9765 1.104 2.1654, -2.2558 -0.192 2.1654, -0.3939 0.0 2.1654, -2.264 -0.0 2.1654, -2.1909 0.5704 2.1654, -2.2314 0.3826 2.1654, -2.2558 0.192 2.1654, 2.4542 0.1457 1.9685, 2.4516 0.2087 1.9685, 2.4449 0.2081 2.0195, 2.4209 0.4351 1.9685, 2.381 0.62 1.9685, 2.3745 0.6183 2.0195, 2.351 0.718 1.9685, 2.3199 0.8197 1.9685, 2.3135 0.8175 2.0195, 2.2508 0.9916 1.9685, 2.242 1.0135 1.9685, 2.2359 1.0108 2.0195, 2.117 1.2504 1.9685, 2.0385 1.3779 1.9685, 2.0329 1.3741 2.0195, 1.7649 1.7135 1.9685, 1.6255 1.8471 1.9685, 1.621 1.8421 2.0195, 1.5488 1.909 1.9685, 1.463 1.9783 1.9685, 1.459 1.9729 2.0195, 1.3128 2.0799 1.9685, 1.2899 2.0953 1.9685, 1.2864 2.0896 2.0195, 1.0573 2.2199 1.9685, 0.9173 2.2832 1.9685, 0.9148 2.277 2.0195, 0.5066 2.4074 1.9685, 0.3123 2.4407 1.9685, 0.3115 2.434 2.0195, 0.2181 2.4487 1.9685, 0.1042 2.4584 1.9685, 0.1039 2.4517 2.0195, -0.3632 2.432 1.9685, -0.5186 2.4054 1.9685, -0.5172 2.3988 2.0195, -0.9248 2.2799 1.9685, -1.108 2.1972 1.9685, -1.105 2.1912 2.0195, -1.1871 2.153 1.9685, -1.2903 2.0953 1.9685, -1.2868 2.0896 2.0195, -1.66 1.8144 1.9685, -1.7767 1.7026 1.9685, -1.7718 1.698 2.0195, -2.0409 1.3745 1.9685, -2.1484 1.2 1.9685, -2.1425 1.1968 2.0195, -2.1874 1.1226 1.9685, -2.2424 1.0135 1.9685, -2.2363 1.0108 2.0195, -2.3906 0.5777 1.9685, -2.4254 0.4158 1.9685, -2.4188 0.4147 2.0195, -2.4415 -0.2908 1.9685, -2.4254 -0.4158 1.9685, -2.4188 -0.4147 2.0195, -2.3056 -0.8563 1.9685, -2.2424 -1.0135 1.9685, -2.2363 -1.0108 2.0195, -2.0409 -1.3745 1.9685, -2.0389 -1.3779 1.9685, -2.0333 -1.3741 2.0195, -1.8626 -1.605 1.9685, -1.7767 -1.7026 1.9685, -1.7718 -1.698 2.0195, -1.434 -1.9982 1.9685, -1.2903 -2.0953 1.9685, -1.2868 -2.0896 2.0195, -0.9248 -2.2799 1.9685, -0.9177 -2.2832 1.9685, -0.9152 -2.277 2.0195, -0.6483 -2.3716 1.9685, -0.5186 -2.4054 1.9685, -0.5172 -2.3988 2.0195, -0.0731 -2.4584 1.9685, 0.1042 -2.4584 1.9685, 0.1039 -2.4517 2.0195, 0.5066 -2.4074 1.9685, 0.5182 -2.4054 1.9685, 0.5168 -2.3988 2.0195, 0.7872 -2.3291 1.9685, 0.9173 -2.2832 1.9685, 0.9148 -2.277 2.0195, 1.3128 -2.0799 1.9685, 1.463 -1.9783 1.9685, 1.459 -1.9729 2.0195, 1.7649 -1.7135 1.9685, 1.7763 -1.7026 1.9685, 1.7714 -1.698 2.0195, 1.9541 -1.492 1.9685, 2.0385 -1.3779 1.9685, 2.0329 -1.3741 2.0195, 2.2508 -0.9916 1.9685, 2.3199 -0.8197 1.9685, 2.3135 -0.8175 2.0195, 2.2398 -0.5833 2.1586, 2.2812 -0.3912 2.1586, 2.328 -0.3992 2.139, 2.3062 -0.1963 2.1586, 2.3535 -0.2003 2.139, 2.3941 -0.2038 2.1077, 2.3145 0.0 2.1586, 2.362 0.0 2.139, 2.4028 0.0 2.1077, 2.4341 0.0 2.0669, 2.3062 0.1963 2.1586, 2.3535 0.2003 2.139, 2.3941 0.2038 2.1077, 2.4253 0.2064 2.0669, 2.4253 -0.2064 2.0669, 2.4449 -0.2081 2.0195, 2.4537 0.0 2.0195, 2.4184 -0.4147 2.0195, 2.399 -0.4114 2.0669, 2.3682 -0.4061 2.1077, 2.3745 -0.6183 2.0195, 2.295 -0.8109 2.0669, 2.3555 -0.6134 2.0669, 2.2655 -0.8005 2.1077, 2.3252 -0.6055 2.1077, 2.2271 -0.7869 2.139, 2.2858 -0.5952 2.139, 2.1823 -0.7711 2.1586, 2.0206 -1.1289 2.1586, 1.9176 -1.2962 2.1586, 2.062 -1.152 2.139, 1.9569 -1.3228 2.139, 2.0976 -1.1719 2.1077, 1.9907 -1.3456 2.1077, 2.1249 -1.1872 2.0669, 2.0166 -1.3631 2.0669, 2.1421 -1.1968 2.0195, 1.5291 -1.7376 2.1586, 1.3762 -1.861 2.1586, 1.5605 -1.7732 2.139, 1.4044 -1.8992 2.139, 1.5874 -1.8038 2.1077, 1.4287 -1.932 2.1077, 1.6081 -1.8273 2.0669, 1.4473 -1.9571 2.0669, 1.621 -1.8421 2.0195, 1.0419 -2.0669 2.1586, 0.8629 -2.1478 2.1586, 1.0633 -2.1093 2.139, 0.8806 -2.1919 2.139, 1.0816 -2.1457 2.1077, 0.8958 -2.2297 2.1077, 1.0957 -2.1736 2.0669, 0.9074 -2.2587 2.0669, 1.1046 -2.1912 2.0195, 0.2938 -2.296 2.1586, 0.098 -2.3126 2.1586, 0.2998 -2.3431 2.139, 0.1001 -2.3601 2.139, 0.305 -2.3835 2.1077, 0.1018 -2.4008 2.1077, 0.309 -2.4145 2.0669, 0.1031 -2.4321 2.0669, 0.3115 -2.434 2.0195, -0.2942 -2.296 2.1586, -0.4879 -2.2628 2.1586, -0.3002 -2.3431 2.139, -0.4979 -2.3092 2.139, -0.3054 -2.3835 2.1077, -0.5065 -2.349 2.1077, -0.3094 -2.4145 2.0669, -0.513 -2.3796 2.0669, -0.3119 -2.434 2.0195, -1.0423 -2.0669 2.1586, -1.2138 -1.9711 2.1586, -1.0637 -2.1093 2.139, -1.2387 -2.0115 2.139, -1.082 -2.1457 2.1077, -1.2601 -2.0462 2.1077, -1.0961 -2.1736 2.0669, -1.2765 -2.0728 2.0669, -1.105 -2.1912 2.0195, -1.5295 -1.7376 2.1586, -1.6713 -1.6017 2.1586, -1.5608 -1.7732 2.139, -1.7056 -1.6345 2.139, -1.5878 -1.8038 2.1077, -1.735 -1.6627 2.1077, -1.6085 -1.8273 2.0669, -1.7576 -1.6844 2.0669, -1.6214 -1.8421 2.0195, -2.021 -1.1289 2.1586, -2.1094 -0.9534 2.1586, -2.0624 -1.152 2.139, -2.1527 -0.973 2.139, -2.098 -1.1719 2.1077, -2.1899 -0.9898 2.1077, -2.1253 -1.1872 2.0669, -2.2184 -1.0027 2.0669, -2.1425 -1.1968 2.0195, -2.2402 -0.5833 2.1586, -2.2816 -0.3912 2.1586, -2.2862 -0.5952 2.139, -2.3284 -0.3992 2.139, -2.3256 -0.6055 2.1077, -2.3686 -0.4061 2.1077, -2.3559 -0.6134 2.0669, -2.3994 -0.4114 2.0669, -2.3749 -0.6183 2.0195, -2.3066 0.1963 2.1586, -2.2816 0.3912 2.1586, -2.3539 0.2003 2.139, -2.3284 0.3992 2.139, -2.3945 0.2038 2.1077, -2.3686 0.4061 2.1077, -2.4257 0.2064 2.0669, -2.3994 0.4114 2.0669, -2.4453 0.2081 2.0195, -2.1827 0.7711 2.1586, -2.1094 0.9534 2.1586, -2.2275 0.7869 2.139, -2.1527 0.973 2.139, -2.2659 0.8005 2.1077, -2.1899 0.9898 2.1077, -2.2954 0.8109 2.0669, -2.2184 1.0027 2.0669, -2.3139 0.8175 2.0195, -1.8011 1.4542 2.1586, -1.6713 1.6017 2.1586, -1.8381 1.484 2.139, -1.7056 1.6345 2.139, -1.8698 1.5096 2.1077, -1.735 1.6627 2.1077, -1.8941 1.5292 2.0669, -1.7576 1.6844 2.0669, -1.9094 1.5416 2.0195, -1.3766 1.861 2.1586, -1.2138 1.9711 2.1586, -1.4048 1.8992 2.139, -1.2387 2.0115 2.139, -1.4291 1.932 2.1077, -1.2601 2.0462 2.1077, -1.4477 1.9571 2.0669, -1.2765 2.0728 2.0669, -1.4594 1.9729 2.0195, -0.678 2.2133 2.1586, -0.4879 2.2628 2.1586, -0.6919 2.2587 2.139, -0.4979 2.3092 2.139, -0.7038 2.2976 2.1077, -0.5065 2.349 2.1077, -0.713 2.3276 2.0669, -0.513 2.3796 2.0669, -0.7188 2.3464 2.0195, -0.0984 2.3126 2.1586, 0.098 2.3126 2.1586, -0.1005 2.3601 2.139, 0.1001 2.3601 2.139, -0.1022 2.4008 2.1077, 0.1018 2.4008 2.1077, -0.1035 2.4321 2.0669, 0.1031 2.4321 2.0669, -0.1043 2.4517 2.0195, 0.6776 2.2133 2.1586, 0.8629 2.1478 2.1586, 0.6915 2.2587 2.139, 0.8806 2.1919 2.139, 0.7034 2.2976 2.1077, 0.8958 2.2297 2.1077, 0.7126 2.3276 2.0669, 0.9074 2.2587 2.0669, 0.7184 2.3464 2.0195, 1.8007 1.4542 2.1586, 1.9176 1.2962 2.1586, 1.8377 1.484 2.139, 1.9569 1.3228 2.139, 1.8694 1.5096 2.1077, 1.9907 1.3456 2.1077, 1.8937 1.5292 2.0669, 2.0166 1.3631 2.0669, 1.909 1.5416 2.0195, 2.4209 -0.4351 1.9685, 2.425 -0.4158 1.9685, 2.4516 -0.2087 1.9685, 2.4542 -0.1457 1.9685, 2.381 -0.62 1.9685, 2.351 -0.718 1.9685, 2.242 -1.0135 1.9685, 2.2359 -1.0108 2.0195, 2.218 -1.0027 2.0669, 2.1895 -0.9898 2.1077, 2.1523 -0.973 2.139, 2.109 -0.9534 2.1586, 2.148 -1.2 1.9685, 2.117 -1.2504 1.9685, 1.9143 -1.5458 1.9685, 1.909 -1.5416 2.0195, 1.8937 -1.5292 2.0669, 1.8694 -1.5096 2.1077, 1.8377 -1.484 2.139, 1.8007 -1.4542 2.1586, 1.6709 -1.6017 2.1586, 1.7052 -1.6345 2.139, 1.7346 -1.6627 2.1077, 1.7572 -1.6844 2.0669, 1.6255 -1.8471 1.9685, 1.5488 -1.909 1.9685, 1.2899 -2.0953 1.9685, 1.2864 -2.0896 2.0195, 1.2761 -2.0728 2.0669, 1.2597 -2.0462 2.1077, 1.2383 -2.0115 2.139, 1.2134 -1.9711 2.1586, 1.1076 -2.1972 1.9685, 1.0573 -2.2199 1.9685, 0.7203 -2.3528 1.9685, 0.7184 -2.3464 2.0195, 0.7126 -2.3276 2.0669, 0.7034 -2.2976 2.1077, 0.6915 -2.2587 2.139, 0.6776 -2.2133 2.1586, 0.4875 -2.2628 2.1586, 0.4975 -2.3092 2.139, 0.5061 -2.349 2.1077, 0.5126 -2.3796 2.0669, 0.3123 -2.4407 1.9685, 0.2181 -2.4487 1.9685, -0.1046 -2.4584 1.9685, -0.1043 -2.4517 2.0195, -0.1035 -2.4321 2.0669, -0.1022 -2.4008 2.1077, -0.1005 -2.3601 2.139, -0.0984 -2.3126 2.1586, -0.3127 -2.4407 1.9685, -0.3632 -2.432 1.9685, -0.7207 -2.3528 1.9685, -0.7188 -2.3464 2.0195, -0.713 -2.3276 2.0669, -0.7038 -2.2976 2.1077, -0.6919 -2.2587 2.139, -0.678 -2.2133 2.1586, -0.8633 -2.1478 2.1586, -0.881 -2.1919 2.139, -0.8962 -2.2297 2.1077, -0.9078 -2.2587 2.0669, -1.108 -2.1972 1.9685, -1.1871 -2.153 1.9685, -1.4634 -1.9783 1.9685, -1.4594 -1.9729 2.0195, -1.4477 -1.9571 2.0669, -1.4291 -1.932 2.1077, -1.4048 -1.8992 2.139, -1.3766 -1.861 2.1586, -1.6259 -1.8471 1.9685, -1.66 -1.8144 1.9685, -1.9147 -1.5458 1.9685, -1.9094 -1.5416 2.0195, -1.8941 -1.5292 2.0669, -1.8698 -1.5096 2.1077, -1.8381 -1.484 2.139, -1.8011 -1.4542 2.1586, -1.918 -1.2962 2.1586, -1.9573 -1.3228 2.139, -1.9911 -1.3456 2.1077, -2.017 -1.3631 2.0669, -2.1484 -1.2 1.9685, -2.1874 -1.1226 1.9685, -2.3203 -0.8197 1.9685, -2.3139 -0.8175 2.0195, -2.2954 -0.8109 2.0669, -2.2659 -0.8005 2.1077, -2.2275 -0.7869 2.139, -2.1827 -0.7711 2.1586, -2.3814 -0.62 1.9685, -2.3906 -0.5777 1.9685, -2.452 -0.2087 1.9685, -2.4453 -0.2081 2.0195, -2.4257 -0.2064 2.0669, -2.3945 -0.2038 2.1077, -2.3539 -0.2003 2.139, -2.3066 -0.1963 2.1586, -2.3149 -0.0 2.1586, -2.3624 -0.0 2.139, -2.4032 -0.0 2.1077, -2.4345 -0.0 2.0669, -2.4541 -0.0 2.0195, -2.452 0.2087 1.9685, -2.4415 0.2908 1.9685, -2.3814 0.62 1.9685, -2.3749 0.6183 2.0195, -2.3559 0.6134 2.0669, -2.3256 0.6055 2.1077, -2.2862 0.5952 2.139, -2.2402 0.5833 2.1586, -2.3203 0.8197 1.9685, -2.3056 0.8563 1.9685, -2.1253 1.1872 2.0669, -2.098 1.1719 2.1077, -2.0624 1.152 2.139, -2.021 1.1289 2.1586, -2.0389 1.3779 1.9685, -2.0333 1.3741 2.0195, -2.017 1.3631 2.0669, -1.9911 1.3456 2.1077, -1.9573 1.3228 2.139, -1.918 1.2962 2.1586, -1.9147 1.5458 1.9685, -1.8626 1.605 1.9685, -1.6259 1.8471 1.9685, -1.6214 1.8421 2.0195, -1.6085 1.8273 2.0669, -1.5878 1.8038 2.1077, -1.5608 1.7732 2.139, -1.5295 1.7376 2.1586, -1.4634 1.9783 1.9685, -1.434 1.9982 1.9685, -1.0961 2.1736 2.0669, -1.082 2.1457 2.1077, -1.0637 2.1093 2.139, -1.0423 2.0669 2.1586, -0.9177 2.2832 1.9685, -0.9152 2.277 2.0195, -0.9078 2.2587 2.0669, -0.8962 2.2297 2.1077, -0.881 2.1919 2.139, -0.8633 2.1478 2.1586, -0.7207 2.3528 1.9685, -0.6483 2.3716 1.9685, -0.3127 2.4407 1.9685, -0.3119 2.434 2.0195, -0.3094 2.4145 2.0669, -0.3054 2.3835 2.1077, -0.3002 2.3431 2.139, -0.2942 2.296 2.1586, -0.1046 2.4584 1.9685, -0.0731 2.4584 1.9685, 0.309 2.4145 2.0669, 0.305 2.3835 2.1077, 0.2998 2.3431 2.139, 0.2938 2.296 2.1586, 0.5182 2.4054 1.9685, 0.5168 2.3988 2.0195, 0.5126 2.3796 2.0669, 0.5061 2.349 2.1077, 0.4975 2.3092 2.139, 0.4875 2.2628 2.1586, 0.7203 2.3528 1.9685, 0.7872 2.3291 1.9685, 1.1076 2.1972 1.9685, 1.1046 2.1912 2.0195, 1.0957 2.1736 2.0669, 1.0816 2.1457 2.1077, 1.0633 2.1093 2.139, 1.0419 2.0669 2.1586, 1.2134 1.9711 2.1586, 1.2383 2.0115 2.139, 1.2597 2.0462 2.1077, 1.2761 2.0728 2.0669, 1.4473 1.9571 2.0669, 1.4287 1.932 2.1077, 1.4044 1.8992 2.139, 1.3762 1.861 2.1586, 1.6081 1.8273 2.0669, 1.5874 1.8038 2.1077, 1.5605 1.7732 2.139, 1.5291 1.7376 2.1586, 1.7763 1.7026 1.9685, 1.7714 1.698 2.0195, 1.7572 1.6844 2.0669, 1.7346 1.6627 2.1077, 1.7052 1.6345 2.139, 1.6709 1.6017 2.1586, 1.9143 1.5458 1.9685, 1.9541 1.492 1.9685, 2.148 1.2 1.9685, 2.1421 1.1968 2.0195, 2.1249 1.1872 2.0669, 2.0976 1.1719 2.1077, 2.062 1.152 2.139, 2.0206 1.1289 2.1586, 2.109 0.9534 2.1586, 2.1523 0.973 2.139, 2.1895 0.9898 2.1077, 2.218 1.0027 2.0669, 2.295 0.8109 2.0669, 2.2655 0.8005 2.1077, 2.2271 0.7869 2.139, 2.1823 0.7711 2.1586, 2.3555 0.6134 2.0669, 2.3252 0.6055 2.1077, 2.2858 0.5952 2.139, 2.2398 0.5833 2.1586, 2.425 0.4158 1.9685, 2.4184 0.4147 2.0195, 2.399 0.4114 2.0669, 2.3682 0.4061 2.1077, 2.328 0.3992 2.139, 2.2812 0.3912 2.1586, 0.3935 -0.0 1.7717, 0.3801 0.1019 1.7717, 0.3408 0.1969 1.7717, 0.2782 0.2784 1.7717, 0.1967 0.341 1.7717, 0.1017 0.3803 1.7717, -0.0002 0.3937 1.7717, -0.1021 0.3803 1.7717, -0.197 0.341 1.7717, -0.2786 0.2784 1.7717, -0.3412 0.1969 1.7717, -0.3805 0.1019 1.7717, -0.3939 0.0 1.7717, -0.3805 -0.1019 1.7717, -0.3412 -0.1969 1.7717, -0.2786 -0.2784 1.7717, -0.197 -0.341 1.7717, -0.1021 -0.3803 1.7717, -0.0002 -0.3937 1.7717, 0.1017 -0.3803 1.7717, 0.1967 -0.341 1.7717, 0.2782 -0.2784 1.7717, 0.3408 -0.1969 1.7717, 0.3801 -0.1019 1.7717
            ]
        }
        coordIndex [
            0,1,2,-1,3,4,5,-1,5,4,6,-1,7,8,9,-1,9,8,10,-1,10,11,9,-1,9,11,12,-1,9,12,13,-1,14,15,16,-1,16,15,9,-1,16,9,17,-1,17,9,13,-1,18,19,9,-1,18,9,20,-1,19,21,9,-1,9,21,22,-1,9,22,23,-1,23,24,9,-1,9,24,25,-1,9,25,26,-1,26,27,9,-1,9,27,28,-1,9,28,29,-1,29,30,9,-1,9,30,31,-1,9,31,7,-1,14,32,15,-1,15,32,33,-1,15,33,5,-1,5,33,34,-1,5,34,3,-1,35,36,37,-1,37,36,38,-1,39,40,36,-1,35,41,36,-1,36,41,42,-1,36,42,43,-1,43,44,36,-1,36,44,45,-1,36,45,39,-1,40,46,36,-1,36,46,47,-1,36,47,48,-1,49,50,51,-1,51,50,52,-1,51,52,53,-1,53,54,51,-1,51,54,55,-1,51,55,56,-1,56,55,57,-1,57,58,56,-1,56,58,59,-1,56,59,60,-1,60,61,56,-1,56,61,62,-1,56,62,63,-1,63,62,64,-1,63,64,65,-1,65,66,63,-1,63,66,67,-1,63,67,9,-1,9,67,68,-1,9,68,20,-1,69,70,71,-1,71,70,72,-1,72,73,71,-1,71,73,74,-1,71,74,75,-1,76,77,71,-1,78,76,79,-1,79,76,71,-1,79,71,80,-1,80,71,75,-1,77,81,71,-1,71,81,82,-1,71,82,38,-1,38,82,83,-1,38,83,37,-1,84,85,86,-1,86,85,87,-1,63,88,89,-1,90,91,92,-1,93,94,56,-1,93,56,95,-1,89,96,63,-1,63,96,97,-1,63,97,56,-1,56,97,98,-1,56,98,95,-1,99,92,100,-1,100,92,56,-1,100,56,101,-1,101,56,94,-1,99,102,92,-1,92,102,103,-1,92,103,104,-1,104,105,92,-1,92,105,106,-1,92,106,90,-1,91,107,92,-1,92,107,108,-1,92,108,86,-1,86,108,109,-1,86,109,84,-1,110,111,5,-1,112,113,110,-1,110,113,114,-1,110,114,115,-1,115,114,116,-1,115,116,117,-1,6,118,5,-1,5,118,119,-1,5,119,110,-1,110,119,120,-1,110,120,112,-1,121,122,123,-1,123,122,124,-1,124,125,123,-1,123,125,126,-1,123,126,127,-1,121,123,128,-1,128,123,129,-1,128,129,130,-1,131,132,133,-1,133,132,134,-1,133,134,129,-1,129,134,135,-1,129,135,130,-1,136,137,116,-1,116,137,138,-1,116,138,117,-1,136,139,137,-1,137,139,140,-1,137,140,133,-1,133,140,141,-1,133,141,131,-1,142,143,144,-1,144,143,145,-1,142,146,143,-1,143,146,147,-1,143,147,148,-1,149,150,151,-1,151,150,152,-1,151,152,153,-1,154,155,156,-1,156,155,157,-1,157,158,156,-1,156,158,159,-1,156,159,160,-1,160,161,156,-1,156,161,162,-1,156,162,163,-1,164,165,166,-1,149,151,167,-1,167,151,168,-1,167,168,169,-1,170,171,172,-1,173,168,172,-1,172,168,174,-1,175,176,173,-1,173,176,177,-1,173,177,168,-1,168,177,178,-1,178,179,168,-1,168,179,180,-1,168,180,181,-1,154,156,182,-1,182,156,183,-1,182,183,184,-1,185,186,187,-1,187,188,185,-1,185,188,189,-1,185,189,183,-1,190,191,192,-1,192,191,193,-1,192,193,194,-1,190,195,191,-1,191,195,196,-1,191,196,197,-1,198,199,200,-1,200,199,201,-1,170,172,193,-1,193,172,174,-1,193,174,194,-1,194,174,200,-1,194,200,202,-1,202,200,201,-1,202,201,203,-1,204,205,206,-1,206,205,207,-1,208,209,210,-1,210,209,211,-1,210,211,212,-1,212,213,210,-1,210,213,214,-1,210,214,173,-1,173,214,215,-1,173,215,175,-1,197,216,191,-1,191,216,217,-1,191,217,218,-1,204,208,205,-1,205,208,210,-1,205,210,218,-1,218,210,219,-1,218,219,191,-1,220,221,145,-1,145,221,222,-1,222,223,145,-1,145,223,224,-1,145,224,202,-1,225,226,203,-1,203,226,227,-1,203,227,202,-1,202,227,228,-1,202,228,145,-1,145,228,151,-1,145,151,144,-1,144,151,153,-1,229,230,145,-1,231,232,233,-1,233,232,229,-1,233,229,234,-1,234,229,145,-1,235,236,237,-1,237,236,238,-1,237,238,230,-1,230,238,239,-1,230,239,145,-1,145,239,240,-1,145,240,220,-1,217,235,218,-1,218,235,237,-1,218,237,241,-1,241,237,242,-1,241,242,243,-1,189,169,183,-1,183,169,168,-1,183,168,184,-1,184,168,181,-1,184,181,244,-1,244,181,245,-1,244,245,2,-1,2,245,246,-1,2,246,0,-1,166,247,164,-1,164,247,248,-1,164,248,249,-1,250,143,182,-1,182,143,148,-1,182,148,154,-1,250,251,143,-1,143,251,252,-1,143,252,253,-1,253,254,143,-1,143,254,255,-1,143,255,256,-1,257,258,143,-1,143,258,259,-1,143,259,260,-1,261,262,263,-1,262,264,263,-1,263,264,265,-1,263,265,266,-1,266,265,267,-1,266,267,268,-1,268,269,266,-1,266,269,270,-1,266,270,271,-1,272,273,274,-1,274,273,275,-1,274,275,276,-1,276,275,277,-1,278,279,277,-1,277,279,280,-1,277,280,276,-1,281,282,277,-1,277,282,283,-1,277,283,284,-1,284,285,277,-1,277,285,286,-1,277,286,278,-1,287,288,258,-1,258,288,289,-1,258,289,290,-1,290,291,258,-1,258,291,292,-1,258,292,259,-1,293,294,295,-1,296,294,297,-1,297,294,298,-1,296,299,294,-1,294,299,300,-1,294,300,301,-1,301,302,294,-1,294,302,303,-1,294,303,304,-1,304,305,294,-1,294,305,306,-1,294,306,295,-1,295,307,308,-1,308,307,309,-1,309,310,308,-1,308,310,311,-1,308,311,312,-1,312,313,308,-1,308,313,314,-1,308,314,295,-1,295,314,315,-1,295,315,293,-1,316,317,318,-1,318,317,319,-1,318,319,320,-1,260,261,143,-1,143,261,263,-1,143,263,51,-1,51,263,321,-1,51,321,322,-1,323,324,325,-1,320,274,318,-1,318,274,326,-1,318,326,327,-1,328,329,330,-1,329,331,330,-1,330,331,332,-1,330,332,333,-1,333,334,330,-1,330,334,335,-1,330,335,336,-1,336,335,337,-1,337,338,336,-1,336,338,339,-1,336,339,340,-1,340,341,336,-1,336,341,342,-1,336,342,343,-1,344,345,346,-1,346,345,347,-1,346,347,330,-1,330,347,348,-1,330,348,328,-1,344,349,345,-1,345,349,350,-1,345,350,351,-1,351,350,257,-1,351,257,352,-1,352,257,143,-1,352,143,353,-1,353,143,256,-1,349,354,350,-1,350,354,355,-1,350,355,356,-1,356,355,357,-1,356,357,358,-1,359,360,358,-1,358,360,361,-1,358,361,356,-1,324,362,325,-1,325,362,363,-1,325,363,364,-1,365,366,320,-1,320,366,266,-1,320,266,274,-1,274,266,271,-1,274,271,272,-1,367,368,205,-1,205,368,369,-1,205,369,207,-1,207,369,166,-1,207,166,181,-1,181,166,165,-1,181,165,245,-1,326,323,327,-1,327,323,325,-1,327,325,322,-1,322,325,370,-1,322,370,51,-1,51,370,371,-1,372,373,374,-1,374,373,375,-1,374,375,376,-1,376,377,374,-1,374,377,378,-1,374,378,379,-1,379,205,374,-1,374,205,380,-1,374,380,371,-1,371,380,36,-1,371,36,51,-1,51,36,48,-1,51,48,49,-1,379,381,205,-1,205,381,382,-1,205,382,383,-1,383,384,205,-1,205,384,385,-1,205,385,367,-1,367,385,386,-1,367,386,387,-1,387,388,389,-1,389,390,387,-1,387,390,391,-1,387,391,182,-1,392,393,325,-1,394,388,395,-1,395,388,387,-1,395,387,294,-1,294,387,386,-1,294,386,298,-1,394,396,388,-1,388,396,397,-1,388,397,398,-1,398,392,388,-1,388,392,325,-1,388,325,399,-1,399,325,364,-1,399,364,359,-1,359,364,400,-1,359,400,360,-1,393,401,325,-1,325,401,402,-1,325,402,403,-1,403,402,404,-1,403,404,372,-1,372,404,405,-1,372,405,373,-1,406,407,408,-1,409,410,411,-1,411,410,412,-1,411,412,413,-1,414,415,413,-1,413,415,416,-1,413,416,411,-1,411,416,417,-1,411,417,409,-1,413,418,414,-1,414,418,419,-1,414,419,420,-1,420,421,414,-1,414,421,422,-1,414,422,423,-1,423,422,424,-1,423,424,425,-1,425,424,426,-1,425,426,408,-1,408,426,427,-1,408,427,406,-1,391,428,182,-1,182,428,429,-1,182,429,250,-1,250,429,408,-1,250,408,430,-1,430,408,407,-1,431,432,433,-1,433,434,431,-1,431,434,435,-1,431,435,436,-1,436,435,437,-1,436,437,438,-1,439,440,441,-1,69,71,87,-1,87,71,442,-1,87,442,86,-1,86,442,443,-1,86,443,444,-1,444,443,445,-1,444,445,446,-1,446,445,447,-1,446,447,448,-1,448,447,449,-1,448,449,450,-1,450,449,451,-1,450,451,452,-1,452,451,453,-1,452,453,454,-1,454,453,455,-1,454,455,456,-1,456,455,433,-1,456,433,457,-1,457,433,432,-1,457,432,458,-1,438,437,441,-1,441,437,459,-1,441,459,439,-1,439,459,460,-1,439,460,461,-1,461,460,462,-1,461,462,463,-1,463,462,464,-1,463,464,465,-1,465,464,466,-1,465,466,467,-1,467,466,468,-1,467,468,469,-1,469,468,470,-1,469,470,471,-1,471,470,472,-1,471,472,473,-1,473,472,474,-1,473,474,475,-1,475,474,476,-1,475,476,477,-1,477,476,478,-1,477,478,479,-1,479,478,480,-1,479,480,481,-1,481,480,482,-1,481,482,483,-1,483,482,484,-1,483,484,485,-1,485,484,486,-1,485,486,487,-1,487,486,488,-1,487,488,489,-1,489,488,490,-1,489,490,491,-1,491,490,492,-1,491,492,493,-1,493,492,494,-1,493,494,495,-1,495,494,496,-1,495,496,497,-1,497,496,498,-1,497,498,499,-1,499,498,500,-1,499,500,501,-1,501,500,502,-1,501,502,503,-1,503,502,504,-1,503,504,505,-1,505,504,506,-1,505,506,507,-1,507,506,508,-1,507,508,509,-1,509,508,510,-1,509,510,511,-1,511,510,512,-1,511,512,513,-1,513,512,514,-1,513,514,515,-1,515,514,516,-1,515,516,517,-1,517,516,518,-1,517,518,519,-1,519,518,520,-1,519,520,521,-1,521,520,522,-1,521,522,523,-1,523,522,524,-1,523,524,525,-1,525,524,526,-1,525,526,527,-1,527,526,241,-1,527,241,234,-1,234,241,243,-1,234,243,233,-1,528,51,529,-1,529,51,56,-1,529,56,530,-1,530,56,92,-1,530,92,531,-1,531,92,86,-1,531,86,532,-1,532,86,444,-1,532,444,533,-1,533,444,446,-1,533,446,534,-1,534,446,448,-1,534,448,535,-1,535,448,450,-1,535,450,536,-1,536,450,452,-1,536,452,537,-1,537,452,454,-1,537,454,538,-1,538,454,456,-1,538,456,539,-1,539,456,457,-1,539,457,540,-1,540,457,458,-1,541,440,542,-1,542,440,439,-1,542,439,543,-1,543,439,461,-1,543,461,544,-1,544,461,463,-1,544,463,545,-1,545,463,465,-1,545,465,546,-1,546,465,467,-1,546,467,547,-1,547,467,469,-1,547,469,548,-1,548,469,471,-1,548,471,549,-1,549,471,473,-1,549,473,550,-1,550,473,475,-1,550,475,551,-1,551,475,477,-1,551,477,552,-1,552,477,479,-1,552,479,553,-1,479,481,553,-1,553,481,483,-1,553,483,554,-1,554,483,485,-1,554,485,555,-1,555,485,487,-1,555,487,556,-1,556,487,489,-1,556,489,557,-1,557,489,491,-1,557,491,558,-1,558,491,493,-1,558,493,559,-1,559,493,495,-1,559,495,560,-1,560,495,497,-1,560,497,561,-1,561,497,499,-1,561,499,562,-1,562,499,501,-1,562,501,563,-1,563,501,503,-1,563,503,564,-1,564,503,505,-1,564,505,565,-1,565,505,507,-1,565,507,566,-1,566,507,509,-1,566,509,567,-1,567,509,511,-1,567,511,568,-1,568,511,513,-1,568,513,569,-1,569,513,515,-1,569,515,570,-1,570,515,517,-1,570,517,571,-1,571,517,519,-1,571,519,572,-1,572,519,521,-1,572,521,573,-1,573,521,523,-1,573,523,574,-1,574,523,525,-1,574,525,575,-1,575,525,527,-1,575,527,576,-1,576,527,234,-1,576,234,577,-1,577,234,145,-1,577,145,528,-1,528,145,143,-1,528,143,51,-1,578,541,542,-1,579,580,581,-1,581,580,582,-1,581,582,583,-1,583,582,584,-1,583,584,585,-1,585,584,586,-1,585,586,587,-1,540,580,539,-1,539,580,579,-1,539,579,538,-1,538,579,588,-1,538,588,537,-1,537,588,589,-1,537,589,536,-1,536,589,590,-1,536,590,535,-1,535,590,591,-1,535,591,534,-1,534,591,592,-1,534,592,533,-1,533,592,593,-1,533,593,532,-1,532,593,594,-1,532,594,531,-1,531,594,595,-1,531,595,530,-1,530,595,596,-1,530,596,529,-1,529,596,597,-1,529,597,528,-1,528,597,598,-1,528,598,577,-1,577,598,599,-1,577,599,576,-1,576,599,600,-1,576,600,575,-1,575,600,601,-1,575,601,574,-1,574,601,602,-1,574,602,573,-1,573,602,603,-1,573,603,572,-1,572,603,604,-1,572,604,571,-1,571,604,605,-1,571,605,570,-1,570,605,606,-1,570,606,569,-1,569,606,607,-1,569,607,568,-1,568,607,608,-1,568,608,567,-1,567,608,609,-1,567,609,566,-1,566,609,610,-1,566,610,565,-1,565,610,611,-1,565,611,564,-1,564,611,612,-1,564,612,563,-1,563,612,613,-1,563,613,562,-1,562,613,614,-1,562,614,561,-1,561,614,615,-1,561,615,560,-1,560,615,616,-1,560,616,559,-1,559,616,617,-1,559,617,558,-1,558,617,618,-1,558,618,557,-1,557,618,619,-1,557,619,556,-1,556,619,620,-1,556,620,555,-1,555,620,621,-1,555,621,554,-1,554,621,622,-1,554,622,553,-1,553,622,623,-1,553,623,552,-1,552,623,624,-1,552,624,551,-1,551,624,625,-1,551,625,550,-1,550,625,626,-1,550,626,549,-1,549,626,627,-1,549,627,548,-1,548,627,628,-1,548,628,547,-1,547,628,629,-1,547,629,546,-1,546,629,630,-1,546,630,545,-1,545,630,631,-1,545,631,544,-1,544,631,632,-1,544,632,543,-1,543,632,633,-1,543,633,542,-1,542,633,587,-1,542,587,578,-1,578,587,586,-1,634,635,636,-1,636,635,637,-1,636,637,638,-1,638,637,639,-1,640,641,642,-1,643,644,645,-1,645,644,646,-1,645,646,647,-1,643,645,648,-1,648,645,649,-1,648,649,650,-1,651,652,653,-1,653,652,654,-1,653,654,649,-1,649,654,655,-1,649,655,650,-1,656,657,658,-1,658,657,635,-1,658,635,659,-1,659,635,634,-1,639,637,660,-1,660,637,661,-1,660,661,662,-1,663,664,661,-1,661,664,665,-1,661,665,662,-1,666,667,668,-1,668,667,669,-1,668,669,663,-1,663,669,670,-1,663,670,664,-1,671,672,673,-1,673,672,674,-1,673,674,675,-1,675,674,676,-1,646,677,647,-1,647,677,678,-1,647,678,674,-1,674,678,679,-1,674,679,676,-1,656,680,657,-1,657,680,681,-1,657,681,653,-1,653,681,682,-1,653,682,651,-1,683,684,668,-1,668,684,685,-1,668,685,666,-1,686,687,688,-1,688,689,686,-1,686,689,690,-1,686,690,683,-1,683,690,691,-1,683,691,684,-1,687,686,692,-1,692,686,693,-1,692,693,694,-1,640,642,695,-1,695,642,696,-1,695,696,697,-1,671,698,672,-1,672,698,699,-1,672,699,696,-1,696,699,700,-1,696,700,697,-1,701,702,703,-1,703,702,704,-1,703,704,693,-1,693,704,705,-1,693,705,694,-1,706,707,708,-1,708,707,709,-1,708,709,703,-1,703,709,710,-1,703,710,701,-1,706,708,711,-1,711,708,712,-1,711,712,713,-1,714,715,716,-1,716,715,717,-1,716,717,712,-1,712,717,718,-1,712,718,713,-1,719,720,721,-1,721,720,722,-1,641,723,642,-1,642,723,724,-1,642,724,721,-1,721,724,725,-1,721,725,719,-1,714,716,726,-1,726,716,727,-1,726,727,728,-1,720,729,722,-1,722,729,730,-1,722,730,727,-1,727,730,731,-1,727,731,728,-1,732,733,734,-1,735,736,737,-1,738,739,740,-1,741,742,743,-1,744,745,746,-1,747,748,749,-1,750,751,752,-1,753,754,755,-1,756,757,758,-1,759,760,761,-1,762,763,764,-1,765,766,767,-1,768,769,770,-1,771,772,773,-1,774,775,776,-1,777,778,779,-1,780,781,782,-1,783,784,785,-1,786,787,788,-1,789,790,791,-1,792,793,794,-1,795,796,797,-1,798,799,800,-1,801,802,803,-1,804,805,806,-1,807,808,809,-1,810,811,812,-1,813,814,815,-1,816,817,818,-1,819,820,821,-1,822,823,824,-1,825,826,827,-1,828,638,639,-1,636,638,829,-1,829,638,828,-1,829,828,830,-1,634,636,831,-1,831,636,829,-1,831,829,832,-1,832,829,830,-1,832,830,833,-1,659,634,834,-1,834,634,831,-1,834,831,835,-1,835,831,832,-1,835,832,836,-1,836,832,833,-1,836,833,837,-1,658,659,838,-1,838,659,834,-1,838,834,839,-1,839,834,835,-1,839,835,840,-1,840,835,836,-1,840,836,841,-1,841,836,837,-1,841,837,734,-1,842,843,844,-1,845,843,846,-1,846,843,842,-1,846,842,847,-1,827,848,849,-1,849,848,850,-1,849,850,851,-1,851,850,852,-1,851,852,853,-1,853,852,854,-1,853,854,855,-1,662,665,856,-1,856,665,857,-1,856,857,858,-1,858,857,859,-1,858,859,860,-1,860,859,861,-1,860,861,862,-1,862,861,863,-1,862,863,864,-1,864,863,824,-1,669,667,865,-1,865,667,866,-1,865,866,867,-1,867,866,868,-1,867,868,869,-1,869,868,870,-1,869,870,871,-1,871,870,872,-1,871,872,873,-1,873,872,818,-1,685,684,874,-1,874,684,875,-1,874,875,876,-1,876,875,877,-1,876,877,878,-1,878,877,879,-1,878,879,880,-1,880,879,881,-1,880,881,882,-1,882,881,815,-1,689,688,883,-1,883,688,884,-1,883,884,885,-1,885,884,886,-1,885,886,887,-1,887,886,888,-1,887,888,889,-1,889,888,890,-1,889,890,891,-1,891,890,809,-1,692,694,892,-1,892,694,893,-1,892,893,894,-1,894,893,895,-1,894,895,896,-1,896,895,897,-1,896,897,898,-1,898,897,899,-1,898,899,900,-1,900,899,806,-1,702,701,901,-1,901,701,902,-1,901,902,903,-1,903,902,904,-1,903,904,905,-1,905,904,906,-1,905,906,907,-1,907,906,908,-1,907,908,909,-1,909,908,800,-1,709,707,910,-1,910,707,911,-1,910,911,912,-1,912,911,913,-1,912,913,914,-1,914,913,915,-1,914,915,916,-1,916,915,917,-1,916,917,918,-1,918,917,797,-1,713,718,919,-1,919,718,920,-1,919,920,921,-1,921,920,922,-1,921,922,923,-1,923,922,924,-1,923,924,925,-1,925,924,926,-1,925,926,927,-1,927,926,791,-1,715,714,928,-1,928,714,929,-1,928,929,930,-1,930,929,931,-1,930,931,932,-1,932,931,933,-1,932,933,934,-1,934,933,935,-1,934,935,936,-1,936,935,788,-1,731,730,937,-1,937,730,938,-1,937,938,939,-1,939,938,940,-1,939,940,941,-1,941,940,942,-1,941,942,943,-1,943,942,944,-1,943,944,945,-1,945,944,785,-1,720,719,946,-1,946,719,947,-1,946,947,948,-1,948,947,949,-1,948,949,950,-1,950,949,951,-1,950,951,952,-1,952,951,953,-1,952,953,954,-1,954,953,782,-1,723,641,955,-1,955,641,956,-1,955,956,957,-1,957,956,958,-1,957,958,959,-1,959,958,960,-1,959,960,961,-1,961,960,962,-1,961,962,963,-1,963,962,776,-1,695,697,964,-1,964,697,965,-1,964,965,966,-1,966,965,967,-1,966,967,968,-1,968,967,969,-1,968,969,970,-1,970,969,971,-1,970,971,972,-1,972,971,773,-1,698,671,973,-1,973,671,974,-1,973,974,975,-1,975,974,976,-1,975,976,977,-1,977,976,978,-1,977,978,979,-1,979,978,980,-1,979,980,981,-1,981,980,767,-1,675,676,982,-1,982,676,983,-1,982,983,984,-1,984,983,985,-1,984,985,986,-1,986,985,987,-1,986,987,988,-1,988,987,989,-1,988,989,990,-1,990,989,764,-1,677,646,991,-1,991,646,992,-1,991,992,993,-1,993,992,994,-1,993,994,995,-1,995,994,996,-1,995,996,997,-1,997,996,998,-1,997,998,999,-1,999,998,758,-1,654,652,1000,-1,1000,652,1001,-1,1000,1001,1002,-1,1002,1001,1003,-1,1002,1003,1004,-1,1004,1003,1005,-1,1004,1005,1006,-1,1006,1005,1007,-1,1006,1007,1008,-1,1008,1007,746,-1,1009,1010,845,-1,845,1010,1011,-1,845,1011,843,-1,843,1011,1012,-1,843,1012,844,-1,844,1012,380,-1,1013,1009,848,-1,848,1009,845,-1,848,845,850,-1,850,845,846,-1,850,846,852,-1,852,846,847,-1,852,847,854,-1,827,826,848,-1,848,826,1014,-1,848,1014,1013,-1,1015,825,1016,-1,1016,825,827,-1,1016,827,1017,-1,1017,827,849,-1,1017,849,1018,-1,1018,849,851,-1,1018,851,1019,-1,1019,851,853,-1,1019,853,1020,-1,1020,853,855,-1,1020,855,660,-1,660,855,639,-1,660,662,1020,-1,1020,662,856,-1,1020,856,1019,-1,1019,856,858,-1,1019,858,1018,-1,1018,858,860,-1,1018,860,1017,-1,1017,860,862,-1,1017,862,1016,-1,1016,862,864,-1,1016,864,1015,-1,1015,864,1021,-1,824,823,864,-1,864,823,1022,-1,864,1022,1021,-1,1023,822,1024,-1,1024,822,824,-1,1024,824,1025,-1,1025,824,863,-1,1025,863,1026,-1,1026,863,861,-1,1026,861,1027,-1,1027,861,859,-1,1027,859,1028,-1,1028,859,857,-1,1028,857,664,-1,664,857,665,-1,664,670,1028,-1,1028,670,1029,-1,1028,1029,1027,-1,1027,1029,1030,-1,1027,1030,1026,-1,1026,1030,1031,-1,1026,1031,1025,-1,1025,1031,1032,-1,1025,1032,1024,-1,1024,1032,821,-1,1024,821,1023,-1,1023,821,820,-1,1033,819,873,-1,873,819,821,-1,873,821,871,-1,871,821,1032,-1,871,1032,869,-1,869,1032,1031,-1,869,1031,867,-1,867,1031,1030,-1,867,1030,865,-1,865,1030,1029,-1,865,1029,669,-1,669,1029,670,-1,818,817,873,-1,873,817,1034,-1,873,1034,1033,-1,1035,816,1036,-1,1036,816,818,-1,1036,818,1037,-1,1037,818,872,-1,1037,872,1038,-1,1038,872,870,-1,1038,870,1039,-1,1039,870,868,-1,1039,868,1040,-1,1040,868,866,-1,1040,866,666,-1,666,866,667,-1,666,685,1040,-1,1040,685,874,-1,1040,874,1039,-1,1039,874,876,-1,1039,876,1038,-1,1038,876,878,-1,1038,878,1037,-1,1037,878,880,-1,1037,880,1036,-1,1036,880,882,-1,1036,882,1035,-1,1035,882,1041,-1,815,814,882,-1,882,814,1042,-1,882,1042,1041,-1,1043,813,1044,-1,1044,813,815,-1,1044,815,1045,-1,1045,815,881,-1,1045,881,1046,-1,1046,881,879,-1,1046,879,1047,-1,1047,879,877,-1,1047,877,1048,-1,1048,877,875,-1,1048,875,691,-1,691,875,684,-1,691,690,1048,-1,1048,690,1049,-1,1048,1049,1047,-1,1047,1049,1050,-1,1047,1050,1046,-1,1046,1050,1051,-1,1046,1051,1045,-1,1045,1051,1052,-1,1045,1052,1044,-1,1044,1052,812,-1,1044,812,1043,-1,1043,812,811,-1,1053,810,891,-1,891,810,812,-1,891,812,889,-1,889,812,1052,-1,889,1052,887,-1,887,1052,1051,-1,887,1051,885,-1,885,1051,1050,-1,885,1050,883,-1,883,1050,1049,-1,883,1049,689,-1,689,1049,690,-1,809,808,891,-1,891,808,1054,-1,891,1054,1053,-1,1055,807,1056,-1,1056,807,809,-1,1056,809,1057,-1,1057,809,890,-1,1057,890,1058,-1,1058,890,888,-1,1058,888,1059,-1,1059,888,886,-1,1059,886,1060,-1,1060,886,884,-1,1060,884,687,-1,687,884,688,-1,687,692,1060,-1,1060,692,892,-1,1060,892,1059,-1,1059,892,894,-1,1059,894,1058,-1,1058,894,896,-1,1058,896,1057,-1,1057,896,898,-1,1057,898,1056,-1,1056,898,900,-1,1056,900,1055,-1,1055,900,1061,-1,806,805,900,-1,900,805,1062,-1,900,1062,1061,-1,1063,804,1064,-1,1064,804,806,-1,1064,806,1065,-1,1065,806,899,-1,1065,899,1066,-1,1066,899,897,-1,1066,897,1067,-1,1067,897,895,-1,1067,895,1068,-1,1068,895,893,-1,1068,893,705,-1,705,893,694,-1,705,704,1068,-1,1068,704,1069,-1,1068,1069,1067,-1,1067,1069,1070,-1,1067,1070,1066,-1,1066,1070,1071,-1,1066,1071,1065,-1,1065,1071,1072,-1,1065,1072,1064,-1,1064,1072,803,-1,1064,803,1063,-1,1063,803,802,-1,1073,801,909,-1,909,801,803,-1,909,803,907,-1,907,803,1072,-1,907,1072,905,-1,905,1072,1071,-1,905,1071,903,-1,903,1071,1070,-1,903,1070,901,-1,901,1070,1069,-1,901,1069,702,-1,702,1069,704,-1,800,799,909,-1,909,799,1074,-1,909,1074,1073,-1,1075,798,1076,-1,1076,798,800,-1,1076,800,1077,-1,1077,800,908,-1,1077,908,1078,-1,1078,908,906,-1,1078,906,1079,-1,1079,906,904,-1,1079,904,1080,-1,1080,904,902,-1,1080,902,710,-1,710,902,701,-1,710,709,1080,-1,1080,709,910,-1,1080,910,1079,-1,1079,910,912,-1,1079,912,1078,-1,1078,912,914,-1,1078,914,1077,-1,1077,914,916,-1,1077,916,1076,-1,1076,916,918,-1,1076,918,1075,-1,1075,918,1081,-1,797,796,918,-1,918,796,1082,-1,918,1082,1081,-1,1083,795,1084,-1,1084,795,797,-1,1084,797,1085,-1,1085,797,917,-1,1085,917,1086,-1,1086,917,915,-1,1086,915,1087,-1,1087,915,913,-1,1087,913,1088,-1,1088,913,911,-1,1088,911,706,-1,706,911,707,-1,706,711,1088,-1,1088,711,1089,-1,1088,1089,1087,-1,1087,1089,1090,-1,1087,1090,1086,-1,1086,1090,1091,-1,1086,1091,1085,-1,1085,1091,1092,-1,1085,1092,1084,-1,1084,1092,794,-1,1084,794,1083,-1,1083,794,793,-1,1093,792,927,-1,927,792,794,-1,927,794,925,-1,925,794,1092,-1,925,1092,923,-1,923,1092,1091,-1,923,1091,921,-1,921,1091,1090,-1,921,1090,919,-1,919,1090,1089,-1,919,1089,713,-1,713,1089,711,-1,791,790,927,-1,927,790,1094,-1,927,1094,1093,-1,1095,789,1096,-1,1096,789,791,-1,1096,791,1097,-1,1097,791,926,-1,1097,926,1098,-1,1098,926,924,-1,1098,924,1099,-1,1099,924,922,-1,1099,922,1100,-1,1100,922,920,-1,1100,920,717,-1,717,920,718,-1,717,715,1100,-1,1100,715,928,-1,1100,928,1099,-1,1099,928,930,-1,1099,930,1098,-1,1098,930,932,-1,1098,932,1097,-1,1097,932,934,-1,1097,934,1096,-1,1096,934,936,-1,1096,936,1095,-1,1095,936,1101,-1,788,787,936,-1,936,787,1102,-1,936,1102,1101,-1,1103,786,1104,-1,1104,786,788,-1,1104,788,1105,-1,1105,788,935,-1,1105,935,1106,-1,1106,935,933,-1,1106,933,1107,-1,1107,933,931,-1,1107,931,1108,-1,1108,931,929,-1,1108,929,726,-1,726,929,714,-1,726,728,1108,-1,1108,728,1109,-1,1108,1109,1107,-1,1107,1109,1110,-1,1107,1110,1106,-1,1106,1110,1111,-1,1106,1111,1105,-1,1105,1111,1112,-1,1105,1112,1104,-1,1104,1112,1113,-1,1104,1113,1103,-1,1103,1113,480,-1,728,731,1109,-1,1109,731,937,-1,1109,937,1110,-1,1110,937,939,-1,1110,939,1111,-1,1111,939,941,-1,1111,941,1112,-1,1112,941,943,-1,1112,943,1113,-1,1113,943,945,-1,1113,945,480,-1,480,945,1114,-1,785,784,945,-1,945,784,1115,-1,945,1115,1114,-1,1116,783,1117,-1,1117,783,785,-1,1117,785,1118,-1,1118,785,944,-1,1118,944,1119,-1,1119,944,942,-1,1119,942,1120,-1,1120,942,940,-1,1120,940,1121,-1,1121,940,938,-1,1121,938,729,-1,729,938,730,-1,729,720,1121,-1,1121,720,946,-1,1121,946,1120,-1,1120,946,948,-1,1120,948,1119,-1,1119,948,950,-1,1119,950,1118,-1,1118,950,952,-1,1118,952,1117,-1,1117,952,954,-1,1117,954,1116,-1,1116,954,1122,-1,782,781,954,-1,954,781,1123,-1,954,1123,1122,-1,778,780,779,-1,779,780,782,-1,779,782,1124,-1,1124,782,953,-1,1124,953,1125,-1,1125,953,951,-1,1125,951,1126,-1,1126,951,949,-1,1126,949,1127,-1,1127,949,947,-1,1127,947,725,-1,725,947,719,-1,1128,777,1129,-1,1129,777,779,-1,1129,779,1130,-1,1130,779,1124,-1,1130,1124,1131,-1,1131,1124,1125,-1,1131,1125,1132,-1,1132,1125,1126,-1,1132,1126,1133,-1,1133,1126,1127,-1,1133,1127,724,-1,724,1127,725,-1,724,723,1133,-1,1133,723,955,-1,1133,955,1132,-1,1132,955,957,-1,1132,957,1131,-1,1131,957,959,-1,1131,959,1130,-1,1130,959,961,-1,1130,961,1129,-1,1129,961,963,-1,1129,963,1128,-1,1128,963,1134,-1,776,775,963,-1,963,775,1135,-1,963,1135,1134,-1,1136,774,1137,-1,1137,774,776,-1,1137,776,1138,-1,1138,776,962,-1,1138,962,1139,-1,1139,962,960,-1,1139,960,1140,-1,1140,960,958,-1,1140,958,1141,-1,1141,958,956,-1,1141,956,640,-1,640,956,641,-1,640,695,1141,-1,1141,695,964,-1,1141,964,1140,-1,1140,964,966,-1,1140,966,1139,-1,1139,966,968,-1,1139,968,1138,-1,1138,968,970,-1,1138,970,1137,-1,1137,970,972,-1,1137,972,1136,-1,1136,972,1142,-1,773,772,972,-1,972,772,1143,-1,972,1143,1142,-1,769,771,770,-1,770,771,773,-1,770,773,1144,-1,1144,773,971,-1,1144,971,1145,-1,1145,971,969,-1,1145,969,1146,-1,1146,969,967,-1,1146,967,1147,-1,1147,967,965,-1,1147,965,700,-1,700,965,697,-1,1148,768,1149,-1,1149,768,770,-1,1149,770,1150,-1,1150,770,1144,-1,1150,1144,1151,-1,1151,1144,1145,-1,1151,1145,1152,-1,1152,1145,1146,-1,1152,1146,1153,-1,1153,1146,1147,-1,1153,1147,699,-1,699,1147,700,-1,699,698,1153,-1,1153,698,973,-1,1153,973,1152,-1,1152,973,975,-1,1152,975,1151,-1,1151,975,977,-1,1151,977,1150,-1,1150,977,979,-1,1150,979,1149,-1,1149,979,981,-1,1149,981,1148,-1,1148,981,1154,-1,767,766,981,-1,981,766,1155,-1,981,1155,1154,-1,1156,765,1157,-1,1157,765,767,-1,1157,767,1158,-1,1158,767,980,-1,1158,980,1159,-1,1159,980,978,-1,1159,978,1160,-1,1160,978,976,-1,1160,976,1161,-1,1161,976,974,-1,1161,974,673,-1,673,974,671,-1,673,675,1161,-1,1161,675,982,-1,1161,982,1160,-1,1160,982,984,-1,1160,984,1159,-1,1159,984,986,-1,1159,986,1158,-1,1158,986,988,-1,1158,988,1157,-1,1157,988,990,-1,1157,990,1156,-1,1156,990,1162,-1,764,763,990,-1,990,763,1163,-1,990,1163,1162,-1,760,762,761,-1,761,762,764,-1,761,764,1164,-1,1164,764,989,-1,1164,989,1165,-1,1165,989,987,-1,1165,987,1166,-1,1166,987,985,-1,1166,985,1167,-1,1167,985,983,-1,1167,983,679,-1,679,983,676,-1,1168,759,1169,-1,1169,759,761,-1,1169,761,1170,-1,1170,761,1164,-1,1170,1164,1171,-1,1171,1164,1165,-1,1171,1165,1172,-1,1172,1165,1166,-1,1172,1166,1173,-1,1173,1166,1167,-1,1173,1167,678,-1,678,1167,679,-1,678,677,1173,-1,1173,677,991,-1,1173,991,1172,-1,1172,991,993,-1,1172,993,1171,-1,1171,993,995,-1,1171,995,1170,-1,1170,995,997,-1,1170,997,1169,-1,1169,997,999,-1,1169,999,1168,-1,1168,999,1174,-1,758,757,999,-1,999,757,1175,-1,999,1175,1174,-1,1176,756,1177,-1,1177,756,758,-1,1177,758,1178,-1,1178,758,998,-1,1178,998,1179,-1,1179,998,996,-1,1179,996,1180,-1,1180,996,994,-1,1180,994,1181,-1,1181,994,992,-1,1181,992,644,-1,644,992,646,-1,644,643,1181,-1,1181,643,1182,-1,1181,1182,1180,-1,1180,1182,1183,-1,1180,1183,1179,-1,1179,1183,1184,-1,1179,1184,1178,-1,1178,1184,1185,-1,1178,1185,1177,-1,1177,1185,755,-1,1177,755,1176,-1,1176,755,754,-1,751,753,752,-1,752,753,755,-1,752,755,1186,-1,1186,755,1185,-1,1186,1185,1187,-1,1187,1185,1184,-1,1187,1184,1188,-1,1188,1184,1183,-1,1188,1183,1189,-1,1189,1183,1182,-1,1189,1182,648,-1,648,1182,643,-1,748,750,749,-1,749,750,752,-1,749,752,1190,-1,1190,752,1186,-1,1190,1186,1191,-1,1191,1186,1187,-1,1191,1187,1192,-1,1192,1187,1188,-1,1192,1188,1193,-1,1193,1188,1189,-1,1193,1189,650,-1,650,1189,648,-1,1194,747,1195,-1,1195,747,749,-1,1195,749,1196,-1,1196,749,1190,-1,1196,1190,1197,-1,1197,1190,1191,-1,1197,1191,1198,-1,1198,1191,1192,-1,1198,1192,1199,-1,1199,1192,1193,-1,1199,1193,655,-1,655,1193,650,-1,655,654,1199,-1,1199,654,1000,-1,1199,1000,1198,-1,1198,1000,1002,-1,1198,1002,1197,-1,1197,1002,1004,-1,1197,1004,1196,-1,1196,1004,1006,-1,1196,1006,1195,-1,1195,1006,1008,-1,1195,1008,1194,-1,1194,1008,1200,-1,746,745,1008,-1,1008,745,1201,-1,1008,1201,1200,-1,1202,744,1203,-1,1203,744,746,-1,1203,746,1204,-1,1204,746,1007,-1,1204,1007,1205,-1,1205,1007,1005,-1,1205,1005,1206,-1,1206,1005,1003,-1,1206,1003,1207,-1,1207,1003,1001,-1,1207,1001,651,-1,651,1001,652,-1,651,682,1207,-1,1207,682,1208,-1,1207,1208,1206,-1,1206,1208,1209,-1,1206,1209,1205,-1,1205,1209,1210,-1,1205,1210,1204,-1,1204,1210,1211,-1,1204,1211,1203,-1,1203,1211,743,-1,1203,743,1202,-1,1202,743,742,-1,739,741,740,-1,740,741,743,-1,740,743,1212,-1,1212,743,1211,-1,1212,1211,1213,-1,1213,1211,1210,-1,1213,1210,1214,-1,1214,1210,1209,-1,1214,1209,1215,-1,1215,1209,1208,-1,1215,1208,681,-1,681,1208,682,-1,736,738,737,-1,737,738,740,-1,737,740,1216,-1,1216,740,1212,-1,1216,1212,1217,-1,1217,1212,1213,-1,1217,1213,1218,-1,1218,1213,1214,-1,1218,1214,1219,-1,1219,1214,1215,-1,1219,1215,680,-1,680,1215,681,-1,1220,735,1221,-1,1221,735,737,-1,1221,737,1222,-1,1222,737,1216,-1,1222,1216,1223,-1,1223,1216,1217,-1,1223,1217,1224,-1,1224,1217,1218,-1,1224,1218,1225,-1,1225,1218,1219,-1,1225,1219,656,-1,656,1219,680,-1,656,658,1225,-1,1225,658,838,-1,1225,838,1224,-1,1224,838,839,-1,1224,839,1223,-1,1223,839,840,-1,1223,840,1222,-1,1222,840,841,-1,1222,841,1221,-1,1221,841,734,-1,1221,734,1220,-1,1220,734,733,-1,639,855,828,-1,828,855,854,-1,828,854,830,-1,830,854,847,-1,830,847,833,-1,833,847,842,-1,833,842,837,-1,837,842,844,-1,837,844,734,-1,734,844,380,-1,734,380,732,-1,1226,635,1227,-1,1227,635,657,-1,1227,657,1228,-1,1228,657,653,-1,1228,653,1229,-1,1229,653,649,-1,1229,649,1230,-1,1230,649,645,-1,1230,645,1231,-1,1231,645,647,-1,1231,647,1232,-1,1232,647,674,-1,1232,674,1233,-1,1233,674,672,-1,1233,672,1234,-1,1234,672,696,-1,1234,696,1235,-1,1235,696,642,-1,1235,642,1236,-1,1236,642,721,-1,1236,721,1237,-1,1237,721,722,-1,1237,722,1238,-1,1238,722,727,-1,1238,727,1239,-1,1239,727,716,-1,1239,716,1240,-1,1240,716,712,-1,1240,712,1241,-1,1241,712,708,-1,1241,708,1242,-1,1242,708,703,-1,1242,703,1243,-1,1243,703,693,-1,1243,693,1244,-1,1244,693,686,-1,1244,686,1245,-1,1245,686,683,-1,1245,683,1246,-1,1246,683,668,-1,1246,668,1247,-1,1247,668,663,-1,1247,663,1248,-1,1248,663,661,-1,1248,661,1249,-1,1249,661,637,-1,1249,637,1226,-1,1226,637,635,-1,625,624,1239,-1,1239,624,1238,-1,589,588,1246,-1,1246,588,1245,-1,606,605,1230,-1,1230,605,1229,-1,616,1234,1235,-1,624,623,1238,-1,1238,623,622,-1,1238,622,1237,-1,1231,1232,610,-1,1233,612,1232,-1,1232,612,611,-1,1232,611,610,-1,616,615,1234,-1,1234,615,614,-1,1234,614,1233,-1,1233,614,613,-1,1233,613,612,-1,1236,618,1235,-1,1235,618,617,-1,1235,617,616,-1,622,621,1237,-1,1237,621,620,-1,1237,620,1236,-1,1236,620,619,-1,1236,619,618,-1,1240,627,1239,-1,1239,627,626,-1,1239,626,625,-1,1241,629,1240,-1,1240,629,628,-1,1240,628,627,-1,633,1242,1243,-1,1244,585,1243,-1,1243,585,587,-1,1243,587,633,-1,588,579,1245,-1,1245,579,581,-1,1245,581,1244,-1,1244,581,583,-1,1244,583,585,-1,1247,591,1246,-1,1246,591,590,-1,1246,590,589,-1,1248,593,1247,-1,1247,593,592,-1,1247,592,591,-1,1249,595,1248,-1,1248,595,594,-1,1248,594,593,-1,599,1226,1227,-1,1228,601,1227,-1,1227,601,600,-1,1227,600,599,-1,605,604,1229,-1,1229,604,603,-1,1229,603,1228,-1,1228,603,602,-1,1228,602,601,-1,610,609,1231,-1,1231,609,608,-1,1231,608,1230,-1,1230,608,607,-1,1230,607,606,-1,633,632,1242,-1,1242,632,631,-1,1242,631,1241,-1,1241,631,630,-1,1241,630,629,-1,599,598,1226,-1,1226,598,597,-1,1226,597,1249,-1,1249,597,596,-1,1249,596,595,-1,432,580,458,-1,458,580,540,-1,578,441,541,-1,541,441,440,-1,580,432,582,-1,582,432,431,-1,582,431,584,-1,584,431,436,-1,584,436,586,-1,586,436,438,-1,586,438,578,-1,578,438,441,-1,
        ]
    }
}
Shape{
    appearance Appearance {
        material  Material 	{
            diffuseColor 1.0 1.0 1.0
            specularColor 0.5019607843137255 0.5019607843137255 0.5019607843137255
            ambientIntensity 1.0
            transparency 0.0
            shininess 0.5
        }
    }
    geometry IndexedFaceSet {
        ccw TRUE
        solid FALSE
        coord DEF co Coordinate {
            point [
                2.4591 -0.0809 0.7615, 2.4595 -0.0809 0.7615, 2.4591 -0.0809 0.8816, 2.4595 -0.0809 0.8816, 2.4596 -0.0654 0.8816, 2.46 -0.0654 0.8816, 2.4596 -0.0654 0.7752, 2.46 -0.0654 0.7752, 2.4604 -0.0176 0.7752, 2.4608 -0.0176 0.7752, 2.4604 -0.0176 0.7615, 2.4608 -0.0176 0.7615, 2.4608 0.0027 0.7758, 2.4604 0.0027 0.7758, 2.4604 0.0124 0.7678, 2.4608 0.0124 0.7678, 2.4603 0.0237 0.7625, 2.4607 0.0237 0.7625, 2.4602 0.0367 0.7598, 2.4606 0.0367 0.7598, 2.46 0.044 0.7594, 2.4604 0.044 0.7594, 2.4608 -0.0127 0.8192, 2.4604 -0.0127 0.8192, 2.4604 -0.0103 0.7997, 2.4608 -0.0103 0.7997, 2.4604 -0.0054 0.7872, 2.4608 -0.0054 0.7872, 2.4604 0.0017 0.7769, 2.4608 0.0017 0.7769, 2.4608 0.0047 0.8659, 2.4604 0.0047 0.8659, 2.4604 -0.004 0.8545, 2.4608 -0.004 0.8545, 2.4604 -0.0097 0.8412, 2.4608 -0.0097 0.8412, 2.4604 -0.0125 0.8255, 2.4608 -0.0125 0.8255, 2.4603 0.0488 0.8836, 2.4599 0.0488 0.8836, 2.4602 0.0314 0.8815, 2.4606 0.0314 0.8815, 2.4604 0.0189 0.8766, 2.4608 0.0189 0.8766, 2.4604 0.0076 0.8688, 2.4608 0.0076 0.8688, 2.4596 0.0772 0.8787, 2.4592 0.0772 0.8787, 2.4596 0.0645 0.8824, 2.46 0.0645 0.8824, 2.4592 0.0772 0.8625, 2.4596 0.0772 0.8625, 2.4603 0.0489 0.8696, 2.4599 0.0489 0.8696, 2.4596 0.0637 0.8678, 2.46 0.0637 0.8678, 2.4593 0.0759 0.8632, 2.4597 0.0759 0.8632, 2.4608 0.0162 0.8563, 2.4604 0.0162 0.8563, 2.4603 0.0236 0.8625, 2.4607 0.0236 0.8625, 2.4602 0.0329 0.8671, 2.4606 0.0329 0.8671, 2.4601 0.0432 0.8693, 2.4604 0.0432 0.8693, 2.4608 0.0036 0.8202, 2.4604 0.0036 0.8202, 2.4604 0.0056 0.8366, 2.4608 0.0056 0.8366, 2.4604 0.0096 0.847, 2.4608 0.0096 0.847, 2.4604 0.0154 0.8554, 2.4608 0.0154 0.8554, 2.4604 0.0162 0.8563, 2.4608 0.0154 0.7859, 2.4604 0.0154 0.7859, 2.4604 0.0099 0.7934, 2.4608 0.0099 0.7934, 2.4604 0.0059 0.8029, 2.4608 0.0059 0.8029, 2.4604 0.0038 0.8147, 2.4608 0.0038 0.8147, 2.4604 0.0462 0.7733, 2.46 0.0462 0.7733, 2.4602 0.0358 0.7743, 2.4606 0.0358 0.7743, 2.4603 0.0269 0.7773, 2.4607 0.0269 0.7773, 2.4604 0.0188 0.7826, 2.4608 0.0188 0.7826, 2.4604 0.0154 0.7859, 2.4596 0.0772 0.7813, 2.4592 0.0772 0.7813, 2.4596 0.0654 0.776, 2.46 0.0654 0.776, 2.4599 0.0518 0.7735, 2.4603 0.0518 0.7735, 2.4592 0.0772 0.7664, 2.4596 0.0772 0.7664, 2.4596 0.0623 0.7612, 2.46 0.0623 0.7612, 2.4593 0.0752 0.7654, 2.4597 0.0752 0.7654, 2.4608 0.0038 0.8147, 2.4608 0.0036 0.8202, 2.4583 0.1013 0.7615, 2.4587 0.1013 0.7615, 2.4583 0.1013 0.8816, 2.4587 0.1013 0.8816, 2.455 0.1631 0.8816, 2.4554 0.1631 0.8816, 2.455 0.1631 0.8678, 2.4554 0.1631 0.8678, 2.4577 0.1168 0.8678, 2.4581 0.1168 0.8678, 2.4577 0.1168 0.8293, 2.4581 0.1168 0.8293, 2.4552 0.1597 0.8293, 2.4556 0.1597 0.8293, 2.4552 0.1597 0.8156, 2.4556 0.1597 0.8156, 2.4577 0.1168 0.8156, 2.4581 0.1168 0.8156, 2.4577 0.1168 0.7752, 2.4581 0.1168 0.7752, 2.4548 0.1659 0.7752, 2.4552 0.1659 0.7752, 2.4548 0.1659 0.7615, 2.4552 0.1659 0.7615, 2.4561 0.1458 0.7615, 2.4561 0.1458 0.8816, 2.4561 0.1458 0.8678, 2.4561 0.1458 0.8293, 2.4561 0.1458 0.8156, 2.4561 0.1458 0.7752, 2.4508 0.2216 0.7615, 2.4504 0.2216 0.7615, 2.4485 0.242 0.7639, 2.4489 0.242 0.7639, 2.4471 0.2557 0.7693, 2.4475 0.2557 0.7693, 2.4458 0.2682 0.7783, 2.4462 0.2682 0.7783, 2.4448 0.2772 0.7889, 2.4452 0.2772 0.7889, 2.4441 0.2831 0.8013, 2.4445 0.2831 0.8013, 2.4438 0.286 0.8154, 2.4442 0.286 0.8154, 2.4437 0.2863 0.8231, 2.4441 0.2863 0.8231, 2.4439 0.2844 0.8396, 2.4443 0.2844 0.8396, 2.4445 0.2799 0.851, 2.4449 0.2799 0.851, 2.4453 0.2725 0.8615, 2.4457 0.2725 0.8615, 2.4458 0.2682 0.8657, 2.4462 0.2682 0.8657, 2.4471 0.2557 0.8742, 2.4475 0.2557 0.8742, 2.4486 0.2412 0.8795, 2.449 0.2412 0.8795, 2.4503 0.2228 0.8816, 2.4507 0.2228 0.8816, 2.4532 0.1886 0.7615, 2.4536 0.1886 0.7615, 2.4532 0.1886 0.8816, 2.4536 0.1886 0.8816, 2.4523 0.2041 0.8678, 2.4523 0.2041 0.7752, 2.452 0.2041 0.8678, 2.452 0.2041 0.7752, 2.4473 0.2572 0.7877, 2.447 0.2572 0.7877, 2.4471 0.2558 0.7864, 2.4475 0.2558 0.7864, 2.4479 0.2481 0.781, 2.4483 0.2481 0.781, 2.4489 0.2381 0.7771, 2.4493 0.2381 0.7771, 2.4504 0.2215 0.7752, 2.4508 0.2215 0.7752, 2.446 0.27 0.8226, 2.4456 0.27 0.8226, 2.4456 0.2696 0.8144, 2.446 0.2696 0.8144, 2.4459 0.2671 0.8035, 2.4463 0.2671 0.8035, 2.4463 0.2629 0.7947, 2.4467 0.2629 0.7947, 2.4474 0.2569 0.8565, 2.447 0.2569 0.8565, 2.4466 0.2602 0.8531, 2.447 0.2602 0.8531, 2.4461 0.2649 0.8464, 2.4465 0.2649 0.8464, 2.4458 0.2683 0.8376, 2.4462 0.2683 0.8376, 2.4508 0.2222 0.8678, 2.4504 0.2222 0.8678, 2.4503 0.2234 0.8676, 2.4507 0.2234 0.8676, 2.4488 0.2388 0.8658, 2.4492 0.2388 0.8658, 2.4478 0.249 0.8618, 2.4482 0.249 0.8618
            ]
        }
        coordIndex [
            0,1,2,-1,2,1,3,-1,4,5,6,-1,6,5,7,-1,8,9,10,-1,10,9,11,-1,10,11,0,-1,0,11,1,-1,2,3,4,-1,4,3,5,-1,6,7,8,-1,8,7,9,-1,5,3,7,-1,7,3,1,-1,7,1,9,-1,9,1,11,-1,12,13,14,-1,12,14,15,-1,15,14,16,-1,15,16,17,-1,17,16,18,-1,17,18,19,-1,19,18,20,-1,19,20,21,-1,22,23,24,-1,22,24,25,-1,25,24,26,-1,25,26,27,-1,27,26,28,-1,27,28,29,-1,29,28,13,-1,29,13,12,-1,30,31,32,-1,30,32,33,-1,33,32,34,-1,33,34,35,-1,35,34,36,-1,35,36,37,-1,37,36,23,-1,37,23,22,-1,38,39,40,-1,38,40,41,-1,41,40,42,-1,41,42,43,-1,43,42,44,-1,43,44,45,-1,45,44,31,-1,45,31,30,-1,46,47,48,-1,46,48,49,-1,49,48,39,-1,49,39,38,-1,47,46,50,-1,50,46,51,-1,52,53,54,-1,52,54,55,-1,55,54,56,-1,55,56,57,-1,57,56,50,-1,57,50,51,-1,58,59,60,-1,58,60,61,-1,61,60,62,-1,61,62,63,-1,63,62,64,-1,63,64,65,-1,65,64,53,-1,65,53,52,-1,66,67,68,-1,66,68,69,-1,69,68,70,-1,69,70,71,-1,71,70,72,-1,71,72,73,-1,73,72,74,-1,73,74,58,-1,75,76,77,-1,75,77,78,-1,78,77,79,-1,78,79,80,-1,80,79,81,-1,80,81,82,-1,82,81,67,-1,82,67,66,-1,83,84,85,-1,83,85,86,-1,86,85,87,-1,86,87,88,-1,88,87,89,-1,88,89,90,-1,90,89,91,-1,90,91,75,-1,92,93,94,-1,92,94,95,-1,95,94,96,-1,95,96,97,-1,97,96,84,-1,97,84,83,-1,93,92,98,-1,98,92,99,-1,21,20,100,-1,21,100,101,-1,101,100,102,-1,101,102,103,-1,103,102,98,-1,103,98,99,-1,99,92,103,-1,103,92,95,-1,103,95,101,-1,101,95,97,-1,101,97,21,-1,21,97,83,-1,21,83,19,-1,19,83,86,-1,19,86,17,-1,17,86,88,-1,17,88,15,-1,15,88,90,-1,15,90,12,-1,12,90,75,-1,12,75,29,-1,29,75,78,-1,29,78,27,-1,27,78,25,-1,25,78,80,-1,25,80,22,-1,80,104,22,-1,22,104,105,-1,22,105,37,-1,37,105,69,-1,37,69,35,-1,35,69,33,-1,33,69,71,-1,33,71,30,-1,71,73,30,-1,30,73,58,-1,30,58,45,-1,45,58,61,-1,45,61,43,-1,43,61,41,-1,41,61,63,-1,41,63,38,-1,63,65,38,-1,38,65,52,-1,38,52,49,-1,49,52,55,-1,49,55,46,-1,46,55,57,-1,46,57,51,-1,106,107,108,-1,108,107,109,-1,110,111,112,-1,112,111,113,-1,114,115,116,-1,116,115,117,-1,118,119,120,-1,120,119,121,-1,122,123,124,-1,124,123,125,-1,126,127,128,-1,128,127,129,-1,128,129,130,-1,130,129,107,-1,130,107,106,-1,108,109,131,-1,131,109,111,-1,131,111,110,-1,112,113,132,-1,132,113,115,-1,132,115,114,-1,116,117,133,-1,133,117,119,-1,133,119,118,-1,120,121,134,-1,134,121,123,-1,134,123,122,-1,124,125,135,-1,135,125,127,-1,135,127,126,-1,129,127,107,-1,107,127,125,-1,121,119,123,-1,123,119,117,-1,113,111,115,-1,115,111,109,-1,115,109,117,-1,117,109,107,-1,117,107,123,-1,123,107,125,-1,136,137,138,-1,136,138,139,-1,139,138,140,-1,139,140,141,-1,141,140,142,-1,141,142,143,-1,143,142,144,-1,143,144,145,-1,145,144,146,-1,145,146,147,-1,147,146,148,-1,147,148,149,-1,149,148,150,-1,149,150,151,-1,151,150,152,-1,151,152,153,-1,153,152,154,-1,153,154,155,-1,155,154,156,-1,155,156,157,-1,157,156,158,-1,157,158,159,-1,159,158,160,-1,159,160,161,-1,161,160,162,-1,161,162,163,-1,163,162,164,-1,163,164,165,-1,166,167,168,-1,168,167,169,-1,170,171,172,-1,172,171,173,-1,174,175,176,-1,174,176,177,-1,177,176,178,-1,177,178,179,-1,179,178,180,-1,179,180,181,-1,181,180,182,-1,181,182,183,-1,184,185,186,-1,184,186,187,-1,187,186,188,-1,187,188,189,-1,189,188,190,-1,189,190,191,-1,191,190,175,-1,191,175,174,-1,192,193,194,-1,192,194,195,-1,195,194,196,-1,195,196,197,-1,197,196,198,-1,197,198,199,-1,199,198,185,-1,199,185,184,-1,200,201,202,-1,200,202,203,-1,203,202,204,-1,203,204,205,-1,205,204,206,-1,205,206,207,-1,207,206,193,-1,207,193,192,-1,137,136,166,-1,166,136,167,-1,168,169,164,-1,164,169,165,-1,200,170,201,-1,201,170,172,-1,171,183,173,-1,173,183,182,-1,143,177,141,-1,141,177,179,-1,141,179,139,-1,139,179,181,-1,139,181,136,-1,136,181,183,-1,136,183,167,-1,167,183,171,-1,167,171,169,-1,169,171,170,-1,169,170,165,-1,170,200,165,-1,165,200,203,-1,165,203,163,-1,163,203,205,-1,163,205,161,-1,161,205,207,-1,161,207,159,-1,159,207,192,-1,159,192,157,-1,157,192,195,-1,157,195,155,-1,155,195,197,-1,155,197,153,-1,153,197,199,-1,153,199,151,-1,151,199,184,-1,151,184,149,-1,149,184,187,-1,149,187,147,-1,147,187,189,-1,147,189,145,-1,145,189,191,-1,145,191,143,-1,143,191,174,-1,143,174,177,-1,
        ]
    }
}
Shape{
    appearance Appearance {
        material  Material 	{
            diffuseColor 0.2235294117647059 0.2235294117647059 0.2235294117647059
            specularColor 0.11372549019607843 0.11372549019607843 0.11372549019607843
            ambientIntensity 0.2235
            transparency 0.0
            shininess 0.5
        }
    }
    geometry IndexedFaceSet {
        ccw TRUE
        solid FALSE
        coord DEF co Coordinate {
            point [
                2.4471 0.2558 0.7864, 2.447 0.2572 0.7877, 2.4503 0.2234 0.8676, 2.4504 0.2215 0.7752, 2.4489 0.2381 0.7771, 2.4479 0.2481 0.781, 2.4463 0.2629 0.7947, 2.4459 0.2671 0.8035, 2.4456 0.2696 0.8144, 2.4456 0.27 0.8226, 2.4458 0.2683 0.8376, 2.4463 0.2635 0.8395, 2.4461 0.2649 0.8464, 2.4466 0.2602 0.8531, 2.447 0.2569 0.8565, 2.4478 0.249 0.8618, 2.4488 0.2388 0.8658, 2.452 0.2041 0.7752, 2.4504 0.2222 0.8678, 2.452 0.2041 0.8678
            ]
        }
        coordIndex [
            0,1,2,-1,3,4,2,-1,2,4,5,-1,2,5,0,-1,1,6,2,-1,2,6,7,-1,2,7,8,-1,9,10,11,-1,11,10,12,-1,12,13,11,-1,11,13,14,-1,11,14,15,-1,8,9,2,-1,2,9,11,-1,2,11,16,-1,16,11,15,-1,3,2,17,-1,17,2,18,-1,17,18,19,-1,
        ]
    }
}
Shape{
    appearance Appearance {
        material  Material 	{
            diffuseColor 1.0 1.0 1.0
            specularColor 0.5019607843137255 0.5019607843137255 0.5019607843137255
            ambientIntensity 1.0
            transparency 0.0
            shininess 0.5
        }
    }
    geometry IndexedFaceSet {
        ccw TRUE
        solid FALSE
        coord DEF co Coordinate {
            point [
                2.4363 0.3469 0.8662, 2.4359 0.3469 0.8662, 2.4357 0.348 0.8612, 2.4361 0.348 0.8612, 2.4356 0.3488 0.8578, 2.436 0.3488 0.8578, 2.4366 0.3446 0.8578, 2.4362 0.3446 0.8578, 2.4361 0.3454 0.8614, 2.4365 0.3454 0.8614, 2.4359 0.3465 0.8662, 2.4363 0.3465 0.8662, 2.4346 0.3553 0.8816, 2.435 0.3553 0.8816, 2.4275 0.4011 0.7615, 2.4279 0.4011 0.7615, 2.437 0.3388 0.8816, 2.4374 0.3388 0.8816, 2.4429 0.293 0.7615, 2.4433 0.293 0.7615, 2.4408 0.3101 0.7615, 2.4412 0.3101 0.7615, 2.4393 0.3217 0.7943, 2.4397 0.3217 0.7943, 2.4322 0.3717 0.7943, 2.4326 0.3717 0.7943, 2.4303 0.3839 0.7615, 2.4307 0.3839 0.7615, 2.4391 0.3266 0.8079, 2.4333 0.3669 0.8079, 2.4387 0.3266 0.8079, 2.4329 0.3669 0.8079
            ]
        }
        coordIndex [
            0,1,2,-1,0,2,3,-1,3,2,4,-1,3,4,5,-1,6,7,8,-1,6,8,9,-1,9,8,10,-1,9,10,11,-1,12,13,14,-1,14,13,15,-1,16,17,12,-1,12,17,13,-1,18,19,16,-1,16,19,17,-1,20,21,18,-1,18,21,19,-1,22,23,20,-1,20,23,21,-1,24,25,22,-1,22,25,23,-1,26,27,24,-1,24,27,25,-1,14,15,26,-1,26,15,27,-1,28,29,30,-1,30,29,31,-1,29,5,31,-1,31,5,4,-1,0,11,1,-1,1,11,10,-1,6,28,7,-1,7,28,30,-1,28,23,29,-1,29,23,25,-1,6,17,28,-1,28,17,19,-1,28,19,23,-1,23,19,21,-1,6,9,17,-1,17,9,11,-1,17,11,13,-1,13,11,0,-1,13,0,3,-1,3,5,13,-1,13,5,29,-1,13,29,15,-1,15,29,25,-1,15,25,27,-1,
        ]
    }
}
Shape{
    appearance Appearance {
        material  Material 	{
            diffuseColor 0.2235294117647059 0.2235294117647059 0.2235294117647059
            specularColor 0.11372549019607843 0.11372549019607843 0.11372549019607843
            ambientIntensity 0.2235
            transparency 0.0
            shininess 0.5
        }
    }
    geometry IndexedFaceSet {
        ccw TRUE
        solid FALSE
        coord DEF co Coordinate {
            point [
                2.4359 0.3469 0.8662, 2.4359 0.3465 0.8662, 2.4357 0.348 0.8612, 2.4361 0.3454 0.8614, 2.4356 0.3488 0.8578, 2.4362 0.3446 0.8578, 2.4329 0.3669 0.8079, 2.4387 0.3266 0.8079
            ]
        }
        coordIndex [
            0,1,2,-1,2,1,3,-1,2,3,4,-1,4,3,5,-1,4,5,6,-1,6,5,7,-1,
        ]
    }
}
Shape{
    appearance Appearance {
        material  Material 	{
            diffuseColor 1.0 1.0 1.0
            specularColor 0.5019607843137255 0.5019607843137255 0.5019607843137255
            ambientIntensity 1.0
            transparency 0.0
            shininess 0.5
        }
    }
    geometry IndexedFaceSet {
        ccw TRUE
        solid FALSE
        coord DEF co Coordinate {
            point [
                2.4591 -0.0809 0.5709, 2.4595 -0.0809 0.5709, 2.4591 -0.0809 0.691, 2.4595 -0.0809 0.691, 2.4604 -0.0191 0.691, 2.4608 -0.0191 0.691, 2.4604 -0.0191 0.6772, 2.4608 -0.0191 0.6772, 2.4596 -0.0654 0.6772, 2.46 -0.0654 0.6772, 2.4596 -0.0654 0.6388, 2.46 -0.0654 0.6388, 2.4603 -0.0225 0.6388, 2.4607 -0.0225 0.6388, 2.4603 -0.0225 0.625, 2.4607 -0.0225 0.625, 2.4596 -0.0654 0.625, 2.46 -0.0654 0.625, 2.4596 -0.0654 0.5846, 2.46 -0.0654 0.5846, 2.4604 -0.0163 0.5846, 2.4608 -0.0163 0.5846, 2.4604 -0.0163 0.5709, 2.4608 -0.0163 0.5709, 2.4606 0.036 0.6587, 2.4602 0.036 0.6587, 2.4603 0.0208 0.6568, 2.4607 0.0208 0.6568, 2.4604 0.0096 0.6525, 2.4608 0.0096 0.6525, 2.4604 0.0064 0.6507, 2.4608 0.0064 0.6507, 2.4604 0.0064 0.6361, 2.4608 0.0064 0.6361, 2.4608 0.0064 0.6507, 2.4608 0.0064 0.6361, 2.4604 0.0153 0.6419, 2.4608 0.0153 0.6419, 2.4603 0.0246 0.6453, 2.4607 0.0246 0.6453, 2.4602 0.0346 0.6465, 2.4606 0.0346 0.6465, 2.4602 0.0346 0.6465, 2.4601 0.0397 0.6459, 2.4605 0.0397 0.6459, 2.4601 0.0432 0.6447, 2.4604 0.0432 0.6447, 2.46 0.0458 0.643, 2.4604 0.0458 0.643, 2.46 0.0481 0.6406, 2.4604 0.0481 0.6406, 2.4599 0.0499 0.6375, 2.4603 0.0499 0.6375, 2.4599 0.0514 0.6321, 2.4603 0.0514 0.6321, 2.4599 0.0519 0.6255, 2.4603 0.0519 0.6255, 2.4607 0.0265 0.6219, 2.4603 0.0265 0.6219, 2.4604 0.0157 0.6193, 2.4608 0.0157 0.6193, 2.4604 0.0091 0.616, 2.4608 0.0091 0.616, 2.4604 0.0044 0.6121, 2.4608 0.0044 0.6121, 2.4604 0.0013 0.6078, 2.4608 0.0013 0.6078, 2.4604 -0.0008 0.6026, 2.4608 -0.0008 0.6026, 2.4604 -0.0019 0.5962, 2.4608 -0.0019 0.5962, 2.4604 -0.0019 0.5939, 2.4608 -0.0019 0.5939, 2.4604 0.0054 0.5757, 2.4608 0.0054 0.5757, 2.4608 0.0038 0.5773, 2.4604 0.0038 0.5773, 2.4608 0.0006 0.582, 2.4604 0.0006 0.582, 2.4608 -0.0012 0.587, 2.4604 -0.0012 0.587, 2.4608 -0.0019 0.5939, 2.4608 0.0054 0.5757, 2.4604 0.0054 0.5757, 2.4604 0.0105 0.5721, 2.4608 0.0105 0.5721, 2.4604 0.0163 0.57, 2.4608 0.0163 0.57, 2.4603 0.0253 0.5689, 2.4607 0.0253 0.5689, 2.4603 0.0253 0.5689, 2.4602 0.0338 0.57, 2.4606 0.0338 0.57, 2.4601 0.0398 0.5723, 2.4605 0.0398 0.5723, 2.4601 0.0427 0.5741, 2.4605 0.0427 0.5741, 2.46 0.0477 0.5787, 2.4604 0.0477 0.5787, 2.4599 0.0515 0.5842, 2.4603 0.0515 0.5842, 2.4599 0.0519 0.5709, 2.4603 0.0519 0.5709, 2.4599 0.0519 0.5842, 2.4603 0.0519 0.5842, 2.4595 0.067 0.6261, 2.4599 0.067 0.6261, 2.4595 0.067 0.5709, 2.4599 0.067 0.5709, 2.4595 0.0659 0.6372, 2.4599 0.0659 0.6372, 2.4596 0.0636 0.6441, 2.46 0.0636 0.6441, 2.4597 0.0605 0.6491, 2.4601 0.0605 0.6491, 2.4598 0.0566 0.6529, 2.4602 0.0566 0.6529, 2.4599 0.0516 0.6558, 2.4603 0.0516 0.6558, 2.46 0.0453 0.6578, 2.4604 0.0453 0.6578, 2.4602 0.036 0.6587, 2.4608 0.0173 0.606, 2.4604 0.0173 0.606, 2.4604 0.0191 0.6074, 2.4608 0.0191 0.6074, 2.4603 0.0226 0.6091, 2.4607 0.0226 0.6091, 2.4602 0.0319 0.6113, 2.4606 0.0319 0.6113, 2.4604 0.0173 0.606, 2.4608 0.0173 0.606, 2.4608 0.0155 0.6038, 2.4604 0.0155 0.6038, 2.4608 0.0142 0.601, 2.4604 0.0142 0.601, 2.4608 0.0134 0.5975, 2.4604 0.0134 0.5975, 2.4608 0.0133 0.5951, 2.4604 0.0133 0.5951, 2.4608 0.0177 0.5851, 2.4604 0.0177 0.5851, 2.4604 0.0164 0.5864, 2.4608 0.0164 0.5864, 2.4604 0.0147 0.5889, 2.4608 0.0147 0.5889, 2.4604 0.0137 0.5917, 2.4608 0.0137 0.5917, 2.4607 0.0292 0.5812, 2.4603 0.0292 0.5812, 2.4603 0.0241 0.5818, 2.4607 0.0241 0.5818, 2.4603 0.0207 0.5831, 2.4607 0.0207 0.5831, 2.4604 0.0177 0.5851, 2.4608 0.0177 0.5851, 2.4604 0.0455 0.5882, 2.46 0.0455 0.5882, 2.46 0.0436 0.5864, 2.4604 0.0436 0.5864, 2.4601 0.0394 0.5835, 2.4605 0.0394 0.5835, 2.4602 0.0348 0.5819, 2.4606 0.0348 0.5819, 2.4603 0.0292 0.5812, 2.4607 0.0292 0.5812, 2.4603 0.0519 0.6057, 2.4599 0.0519 0.6057, 2.4599 0.0519 0.6047, 2.4603 0.0519 0.6047, 2.4599 0.051 0.598, 2.4603 0.051 0.598, 2.4599 0.0488 0.5927, 2.4603 0.0488 0.5927, 2.46 0.0455 0.5882, 2.4604 0.0455 0.5882, 2.4603 0.0519 0.614, 2.4599 0.0519 0.6057, 2.4599 0.0519 0.614, 2.4603 0.0265 0.6219, 2.4602 0.0319 0.6113, 2.4608 0.0006 0.582, 2.4608 -0.0012 0.587, 2.4608 0.0133 0.5951, 2.4608 0.0134 0.5975, 2.4608 -0.0008 0.6026, 2.4608 0.0013 0.6078
            ]
        }
        coordIndex [
            0,1,2,-1,2,1,3,-1,4,5,6,-1,6,5,7,-1,8,9,10,-1,10,9,11,-1,12,13,14,-1,14,13,15,-1,16,17,18,-1,18,17,19,-1,20,21,22,-1,22,21,23,-1,22,23,0,-1,0,23,1,-1,2,3,4,-1,4,3,5,-1,6,7,8,-1,8,7,9,-1,10,11,12,-1,12,11,13,-1,14,15,16,-1,16,15,17,-1,18,19,20,-1,20,19,21,-1,23,21,1,-1,1,21,19,-1,15,13,17,-1,17,13,11,-1,7,5,9,-1,9,5,3,-1,9,3,11,-1,11,3,1,-1,11,1,17,-1,17,1,19,-1,24,25,26,-1,24,26,27,-1,27,26,28,-1,27,28,29,-1,29,28,30,-1,29,30,31,-1,32,33,30,-1,30,33,34,-1,35,32,36,-1,35,36,37,-1,37,36,38,-1,37,38,39,-1,39,38,40,-1,39,40,41,-1,41,42,43,-1,41,43,44,-1,44,43,45,-1,44,45,46,-1,46,45,47,-1,46,47,48,-1,48,47,49,-1,48,49,50,-1,50,49,51,-1,50,51,52,-1,52,51,53,-1,52,53,54,-1,54,53,55,-1,54,55,56,-1,57,58,59,-1,57,59,60,-1,60,59,61,-1,60,61,62,-1,62,61,63,-1,62,63,64,-1,64,63,65,-1,64,65,66,-1,66,65,67,-1,66,67,68,-1,68,67,69,-1,68,69,70,-1,70,69,71,-1,70,71,72,-1,73,74,75,-1,73,75,76,-1,76,75,77,-1,76,77,78,-1,78,77,79,-1,78,79,80,-1,80,79,81,-1,80,81,71,-1,82,83,84,-1,82,84,85,-1,85,84,86,-1,85,86,87,-1,87,86,88,-1,87,88,89,-1,89,90,91,-1,89,91,92,-1,92,91,93,-1,92,93,94,-1,94,93,95,-1,94,95,96,-1,96,95,97,-1,96,97,98,-1,98,97,99,-1,98,99,100,-1,101,102,103,-1,103,102,104,-1,105,106,107,-1,107,106,108,-1,106,105,109,-1,106,109,110,-1,110,109,111,-1,110,111,112,-1,112,111,113,-1,112,113,114,-1,114,113,115,-1,114,115,116,-1,116,115,117,-1,116,117,118,-1,118,117,119,-1,118,119,120,-1,120,119,121,-1,120,121,24,-1,122,123,124,-1,122,124,125,-1,125,124,126,-1,125,126,127,-1,127,126,128,-1,127,128,129,-1,130,131,132,-1,130,132,133,-1,133,132,134,-1,133,134,135,-1,135,134,136,-1,135,136,137,-1,137,136,138,-1,137,138,139,-1,140,141,142,-1,140,142,143,-1,143,142,144,-1,143,144,145,-1,145,144,146,-1,145,146,147,-1,147,146,139,-1,147,139,138,-1,148,149,150,-1,148,150,151,-1,151,150,152,-1,151,152,153,-1,153,152,154,-1,153,154,155,-1,156,157,158,-1,156,158,159,-1,159,158,160,-1,159,160,161,-1,161,160,162,-1,161,162,163,-1,163,162,164,-1,163,164,165,-1,166,167,168,-1,166,168,169,-1,169,168,170,-1,169,170,171,-1,171,170,172,-1,171,172,173,-1,173,172,174,-1,173,174,175,-1,166,176,177,-1,177,176,178,-1,179,57,55,-1,55,57,56,-1,103,104,99,-1,99,104,100,-1,107,108,101,-1,101,108,102,-1,176,129,178,-1,178,129,180,-1,56,106,54,-1,54,106,110,-1,54,110,52,-1,52,110,112,-1,52,112,50,-1,50,112,114,-1,50,114,48,-1,48,114,116,-1,48,116,46,-1,46,116,118,-1,46,118,44,-1,44,118,120,-1,44,120,41,-1,41,120,24,-1,41,24,39,-1,39,24,27,-1,39,27,37,-1,37,27,29,-1,37,29,33,-1,33,29,34,-1,161,163,94,-1,94,163,92,-1,92,163,148,-1,92,148,89,-1,89,148,151,-1,89,151,87,-1,87,151,153,-1,87,153,85,-1,85,153,140,-1,85,140,74,-1,74,140,143,-1,74,143,75,-1,75,143,181,-1,181,143,145,-1,181,145,182,-1,182,145,147,-1,182,147,72,-1,72,147,183,-1,72,183,70,-1,70,183,184,-1,70,184,185,-1,185,184,186,-1,186,184,134,-1,186,134,64,-1,64,134,132,-1,64,132,62,-1,125,56,57,-1,132,131,62,-1,62,131,125,-1,62,125,60,-1,60,125,57,-1,166,169,106,-1,125,127,56,-1,56,127,129,-1,56,129,106,-1,106,129,176,-1,106,176,166,-1,104,171,173,-1,104,173,100,-1,94,96,161,-1,161,96,98,-1,161,98,159,-1,159,98,100,-1,159,100,156,-1,156,100,173,-1,102,108,104,-1,104,108,106,-1,104,106,171,-1,171,106,169,-1,
        ]
    }
}
Shape{
    appearance Appearance {
        material  Material 	{
            diffuseColor 0.2235294117647059 0.2235294117647059 0.2235294117647059
            specularColor 0.11372549019607843 0.11372549019607843 0.11372549019607843
            ambientIntensity 0.2235
            transparency 0.0
            shininess 0.5
        }
    }
    geometry IndexedFaceSet {
        ccw TRUE
        solid FALSE
        coord DEF co Coordinate {
            point [
                2.4599 0.0519 0.6047, 2.4599 0.0519 0.6057, 2.4604 0.0173 0.606, 2.4599 0.051 0.598, 2.4604 0.0155 0.6038, 2.4599 0.0488 0.5927, 2.4602 0.0364 0.5838, 2.4603 0.0292 0.5812, 2.4602 0.0348 0.5819, 2.4604 0.0147 0.5889, 2.4604 0.0164 0.5864, 2.46 0.0436 0.5864, 2.4604 0.0142 0.601, 2.4604 0.0134 0.5975, 2.46 0.0455 0.5882, 2.4604 0.0133 0.5951, 2.4604 0.0137 0.5917, 2.4604 0.0177 0.5851, 2.4603 0.0207 0.5831, 2.4603 0.0241 0.5818, 2.4601 0.0394 0.5835, 2.4599 0.0519 0.614, 2.4602 0.0319 0.6113, 2.4603 0.0226 0.6091, 2.4604 0.0191 0.6074
            ]
        }
        coordIndex [
            0,1,2,-1,0,2,3,-1,3,2,4,-1,3,4,5,-1,6,7,8,-1,9,10,11,-1,4,12,5,-1,5,12,13,-1,5,13,14,-1,14,13,15,-1,14,15,11,-1,11,15,16,-1,11,16,9,-1,17,18,6,-1,6,18,19,-1,6,19,7,-1,10,17,11,-1,11,17,6,-1,11,6,20,-1,20,6,8,-1,1,21,22,-1,22,23,1,-1,1,23,24,-1,1,24,2,-1,
        ]
    }
}
Shape{
    appearance Appearance {
        material  Material 	{
            diffuseColor 1.0 1.0 1.0
            specularColor 0.5019607843137255 0.5019607843137255 0.5019607843137255
            ambientIntensity 1.0
            transparency 0.0
            shininess 0.5
        }
    }
    geometry IndexedFaceSet {
        ccw TRUE
        solid FALSE
        coord DEF co Coordinate {
            point [
                2.4574 0.1299 0.5928, 2.457 0.1299 0.5928, 2.457 0.1296 0.5899, 2.4574 0.1296 0.5899, 2.4571 0.1288 0.5878, 2.4575 0.1288 0.5878, 2.4575 0.1282 0.5868, 2.4571 0.1282 0.5868, 2.4575 0.1275 0.5858, 2.4571 0.1275 0.5858, 2.4572 0.1257 0.5843, 2.4576 0.1257 0.5843, 2.4573 0.1244 0.5835, 2.4577 0.1244 0.5835, 2.4575 0.1205 0.5821, 2.4579 0.1205 0.5821, 2.4578 0.1128 0.5813, 2.4582 0.1128 0.5813, 2.4579 0.1121 0.5812, 2.4583 0.1121 0.5812, 2.4576 0.126 0.601, 2.4572 0.126 0.601, 2.4571 0.1279 0.599, 2.4575 0.1279 0.599, 2.457 0.129 0.597, 2.4574 0.129 0.597, 2.457 0.1297 0.5947, 2.4574 0.1297 0.5947, 2.457 0.1299 0.5928, 2.4584 0.1102 0.6086, 2.458 0.1102 0.6086, 2.4575 0.1201 0.6045, 2.4579 0.1201 0.6045, 2.4576 0.126 0.601, 2.4591 0.0917 0.62, 2.4587 0.0917 0.62, 2.4586 0.0942 0.6174, 2.459 0.0942 0.6174, 2.4583 0.1013 0.6127, 2.4587 0.1013 0.6127, 2.4593 0.0875 0.6336, 2.4589 0.0875 0.6336, 2.4589 0.0881 0.6277, 2.4592 0.0881 0.6277, 2.4588 0.0898 0.6231, 2.4592 0.0898 0.6231, 2.4587 0.0917 0.62, 2.4589 0.0971 0.6519, 2.4585 0.0971 0.6519, 2.4587 0.0926 0.6479, 2.4591 0.0926 0.6479, 2.4588 0.0898 0.6438, 2.4592 0.0898 0.6438, 2.4589 0.0881 0.6389, 2.4592 0.0881 0.6389, 2.4593 0.0875 0.6336, 2.4579 0.1209 0.6587, 2.4575 0.1209 0.6587, 2.458 0.1104 0.6576, 2.4583 0.1104 0.6576, 2.4583 0.102 0.6547, 2.4587 0.102 0.6547, 2.4568 0.1412 0.6549, 2.4564 0.1412 0.6549, 2.4569 0.1314 0.6577, 2.4573 0.1314 0.6577, 2.4564 0.1412 0.6403, 2.4568 0.1412 0.6403, 2.4579 0.1194 0.6465, 2.4575 0.1194 0.6465, 2.457 0.129 0.6454, 2.4574 0.129 0.6454, 2.4566 0.1375 0.6423, 2.457 0.1375 0.6423, 2.4585 0.1075 0.6433, 2.4581 0.1075 0.6433, 2.4579 0.1109 0.6451, 2.4583 0.1109 0.6451, 2.4577 0.1149 0.6461, 2.4581 0.1149 0.6461, 2.4587 0.103 0.6349, 2.4583 0.103 0.6349, 2.4583 0.1032 0.6373, 2.4587 0.1032 0.6373, 2.4582 0.104 0.6393, 2.4586 0.104 0.6393, 2.4582 0.1053 0.6413, 2.4586 0.1053 0.6413, 2.4581 0.1075 0.6433, 2.4585 0.1063 0.6269, 2.4581 0.1063 0.6269, 2.4582 0.1048 0.6285, 2.4586 0.1048 0.6285, 2.4582 0.1037 0.6306, 2.4586 0.1037 0.6306, 2.4583 0.1031 0.6329, 2.4587 0.1031 0.6329, 2.4587 0.103 0.6349, 2.4579 0.1209 0.6196, 2.4575 0.1209 0.6196, 2.4579 0.1116 0.6236, 2.4583 0.1116 0.6236, 2.4581 0.1063 0.6269, 2.4568 0.1403 0.6084, 2.4564 0.1403 0.6084, 2.4566 0.1367 0.6117, 2.457 0.1367 0.6117, 2.4572 0.1267 0.6172, 2.4576 0.1267 0.6172, 2.4565 0.1453 0.5943, 2.4561 0.1453 0.5943, 2.4562 0.1447 0.5999, 2.4566 0.1447 0.5999, 2.4563 0.1431 0.6043, 2.4567 0.1431 0.6043, 2.4571 0.1356 0.5757, 2.4567 0.1356 0.5757, 2.4564 0.1399 0.5795, 2.4568 0.1399 0.5795, 2.4563 0.1427 0.5835, 2.4567 0.1427 0.5835, 2.4562 0.1446 0.5882, 2.4566 0.1446 0.5882, 2.4583 0.1106 0.5689, 2.4579 0.1106 0.5689, 2.4573 0.1241 0.5705, 2.4577 0.1241 0.5705, 2.4569 0.1321 0.5735, 2.4573 0.1321 0.5735, 2.4593 0.0874 0.5739, 2.4589 0.0874 0.5739, 2.4585 0.0965 0.5706, 2.4589 0.0965 0.5706, 2.4589 0.0874 0.5895, 2.4593 0.0874 0.5895, 2.4583 0.1029 0.5822, 2.4587 0.1029 0.5822, 2.4587 0.0934 0.5857, 2.4591 0.0934 0.5857, 2.4587 0.103 0.6349, 2.4552 0.1659 0.5305, 2.4548 0.1659 0.5305, 2.4544 0.172 0.5312, 2.4548 0.172 0.5312, 2.454 0.178 0.5335, 2.4544 0.178 0.5335, 2.4536 0.1832 0.5372, 2.454 0.1832 0.5372, 2.4535 0.1841 0.5382, 2.4539 0.1841 0.5382, 2.4531 0.1897 0.5447, 2.4535 0.1897 0.5447, 2.4526 0.1965 0.558, 2.453 0.1965 0.558, 2.4559 0.1562 0.5318, 2.4555 0.1562 0.5318, 2.4551 0.1626 0.5306, 2.4554 0.1626 0.5306, 2.4555 0.1562 0.5451, 2.4559 0.1562 0.5451, 2.4553 0.1648 0.5434, 2.4549 0.1648 0.5434, 2.4553 0.1593 0.5441, 2.4557 0.1593 0.5441, 2.4542 0.1802 0.5555, 2.4538 0.1802 0.5555, 2.454 0.1772 0.5501, 2.4544 0.1772 0.5501, 2.4542 0.1744 0.5469, 2.4546 0.1744 0.5469, 2.4544 0.1718 0.5452, 2.4548 0.1718 0.5452, 2.4547 0.1686 0.5439, 2.455 0.1686 0.5439, 2.453 0.1965 0.5921, 2.4526 0.1965 0.5921, 2.4527 0.1954 0.5881, 2.4531 0.1954 0.5881, 2.4527 0.1946 0.5852, 2.4531 0.1946 0.5852, 2.4491 0.2355 0.6567, 2.4495 0.2355 0.6567, 2.4533 0.1868 0.5711, 2.4537 0.1868 0.5711, 2.4557 0.1531 0.6567, 2.4561 0.1531 0.6567, 2.4546 0.17 0.6567, 2.4549 0.17 0.6567, 2.4529 0.1924 0.5922, 2.4533 0.1924 0.5922, 2.4528 0.1942 0.5852, 2.4532 0.1942 0.5852, 2.4531 0.1946 0.5852, 2.4526 0.1965 0.5921, 2.4506 0.2199 0.6567, 2.451 0.2199 0.6567, 2.4475 0.2517 0.5709, 2.4479 0.2517 0.5709, 2.4475 0.2517 0.691, 2.4479 0.2517 0.691, 2.4404 0.3136 0.691, 2.4408 0.3136 0.691, 2.4404 0.3136 0.6772, 2.4408 0.3136 0.6772, 2.4459 0.2672 0.6772, 2.4463 0.2672 0.6772, 2.4459 0.2672 0.6388, 2.4463 0.2672 0.6388, 2.4408 0.3101 0.6388, 2.4412 0.3101 0.6388, 2.4408 0.3101 0.625, 2.4412 0.3101 0.625, 2.4459 0.2672 0.625, 2.4463 0.2672 0.625, 2.4459 0.2672 0.5846, 2.4463 0.2672 0.5846, 2.44 0.3163 0.5846, 2.4404 0.3163 0.5846, 2.44 0.3163 0.5709, 2.4404 0.3163 0.5709, 2.4325 0.372 0.5709, 2.4321 0.372 0.5709, 2.4289 0.3924 0.5734, 2.4293 0.3924 0.5734, 2.4267 0.4061 0.5788, 2.4271 0.4061 0.5788, 2.4246 0.4186 0.5878, 2.425 0.4186 0.5878, 2.423 0.4276 0.5984, 2.4234 0.4276 0.5984, 2.4219 0.4335 0.6108, 2.4223 0.4335 0.6108, 2.4216 0.4353 0.6194, 2.4218 0.4364 0.6249, 2.4214 0.4364 0.6249, 2.4214 0.4368 0.6325, 2.4218 0.4368 0.6325, 2.4221 0.4348 0.649, 2.4216 0.4353 0.6449, 2.4217 0.4348 0.649, 2.4225 0.4303 0.6605, 2.4229 0.4303 0.6605, 2.4238 0.4229 0.671, 2.4242 0.4229 0.671, 2.4246 0.4186 0.6751, 2.425 0.4186 0.6751, 2.4267 0.4061 0.6837, 2.4271 0.4061 0.6837, 2.4291 0.3916 0.689, 2.4295 0.3916 0.689, 2.432 0.3732 0.691, 2.4324 0.3732 0.691, 2.437 0.339 0.5709, 2.4374 0.339 0.5709, 2.437 0.339 0.691, 2.4374 0.339 0.691, 2.4352 0.3545 0.6772, 2.4352 0.3545 0.5846, 2.4348 0.3545 0.6772, 2.4348 0.3545 0.5846, 2.4268 0.4076 0.5972, 2.4264 0.4076 0.5972, 2.4267 0.4062 0.5958, 2.4271 0.4062 0.5958, 2.428 0.3985 0.5905, 2.4284 0.3985 0.5905, 2.4296 0.3885 0.5866, 2.43 0.3885 0.5866, 2.4322 0.3719 0.5846, 2.4326 0.3719 0.5846, 2.4246 0.4205 0.6321, 2.4242 0.4205 0.6321, 2.4243 0.42 0.6238, 2.4247 0.42 0.6238, 2.4247 0.4176 0.613, 2.4251 0.4176 0.613, 2.4255 0.4133 0.6041, 2.4259 0.4133 0.6041, 2.4269 0.4073 0.6659, 2.4265 0.4073 0.6659, 2.4259 0.4106 0.6626, 2.4263 0.4106 0.6626, 2.4251 0.4153 0.6559, 2.4255 0.4153 0.6559, 2.4246 0.4187 0.6471, 2.4249 0.4187 0.6471, 2.4325 0.3726 0.6772, 2.4321 0.3726 0.6772, 2.4319 0.3738 0.6771, 2.4323 0.3738 0.6771, 2.4295 0.3892 0.6752, 2.4299 0.3892 0.6752, 2.4278 0.3994 0.6713, 2.4282 0.3994 0.6713
            ]
        }
        coordIndex [
            0,1,2,-1,0,2,3,-1,3,2,4,-1,3,4,5,-1,5,4,6,-1,6,4,7,-1,6,7,8,-1,7,9,8,-1,8,9,10,-1,8,10,11,-1,11,10,12,-1,11,12,13,-1,13,12,14,-1,13,14,15,-1,15,14,16,-1,15,16,17,-1,17,16,18,-1,17,18,19,-1,20,21,22,-1,20,22,23,-1,23,22,24,-1,23,24,25,-1,25,24,26,-1,25,26,27,-1,27,26,28,-1,27,28,0,-1,29,30,31,-1,29,31,32,-1,32,31,21,-1,32,21,33,-1,34,35,36,-1,34,36,37,-1,37,36,38,-1,37,38,39,-1,39,38,30,-1,39,30,29,-1,40,41,42,-1,40,42,43,-1,43,42,44,-1,43,44,45,-1,45,44,46,-1,45,46,34,-1,47,48,49,-1,47,49,50,-1,50,49,51,-1,50,51,52,-1,52,51,53,-1,52,53,54,-1,54,53,41,-1,54,41,55,-1,56,57,58,-1,56,58,59,-1,59,58,60,-1,59,60,61,-1,61,60,48,-1,61,48,47,-1,62,63,64,-1,62,64,65,-1,65,64,57,-1,65,57,56,-1,63,62,66,-1,66,62,67,-1,68,69,70,-1,68,70,71,-1,71,70,72,-1,71,72,73,-1,73,72,66,-1,73,66,67,-1,74,75,76,-1,74,76,77,-1,77,76,78,-1,77,78,79,-1,79,78,69,-1,79,69,68,-1,80,81,82,-1,80,82,83,-1,83,82,84,-1,83,84,85,-1,85,84,86,-1,85,86,87,-1,87,86,88,-1,87,88,74,-1,89,90,91,-1,89,91,92,-1,92,91,93,-1,92,93,94,-1,94,93,95,-1,94,95,96,-1,96,95,81,-1,96,81,97,-1,98,99,100,-1,98,100,101,-1,101,100,102,-1,101,102,89,-1,103,104,105,-1,103,105,106,-1,106,105,107,-1,106,107,108,-1,108,107,99,-1,108,99,98,-1,109,110,111,-1,109,111,112,-1,112,111,113,-1,112,113,114,-1,114,113,104,-1,114,104,103,-1,115,116,117,-1,115,117,118,-1,118,117,119,-1,118,119,120,-1,120,119,121,-1,120,121,122,-1,122,121,110,-1,122,110,109,-1,123,124,125,-1,123,125,126,-1,126,125,127,-1,126,127,128,-1,128,127,116,-1,128,116,115,-1,129,130,131,-1,129,131,132,-1,132,131,124,-1,132,124,123,-1,130,129,133,-1,133,129,134,-1,19,18,135,-1,19,135,136,-1,136,135,137,-1,136,137,138,-1,138,137,133,-1,138,133,134,-1,32,108,98,-1,32,98,29,-1,29,98,101,-1,29,101,39,-1,108,32,106,-1,106,32,33,-1,106,33,103,-1,103,33,23,-1,103,23,114,-1,114,23,25,-1,114,25,112,-1,112,25,27,-1,112,27,109,-1,109,27,0,-1,109,0,122,-1,122,0,3,-1,122,3,120,-1,120,3,5,-1,120,5,118,-1,118,5,6,-1,118,6,115,-1,115,6,8,-1,115,8,128,-1,8,11,128,-1,128,11,13,-1,128,13,126,-1,13,15,126,-1,126,15,17,-1,126,17,123,-1,123,17,19,-1,123,19,132,-1,132,19,136,-1,132,136,129,-1,129,136,138,-1,129,138,134,-1,39,101,37,-1,37,101,89,-1,37,89,34,-1,34,89,92,-1,34,92,45,-1,45,92,94,-1,45,94,43,-1,43,94,96,-1,43,96,55,-1,55,96,139,-1,55,139,54,-1,54,139,83,-1,54,83,52,-1,52,83,85,-1,52,85,50,-1,50,85,87,-1,50,87,47,-1,47,87,61,-1,61,87,74,-1,61,74,59,-1,74,77,59,-1,59,77,79,-1,59,79,56,-1,56,79,68,-1,56,68,65,-1,65,68,71,-1,65,71,62,-1,62,71,73,-1,62,73,67,-1,140,141,142,-1,140,142,143,-1,143,142,144,-1,143,144,145,-1,145,144,146,-1,145,146,147,-1,147,146,148,-1,147,148,149,-1,149,148,150,-1,149,150,151,-1,151,150,152,-1,151,152,153,-1,154,155,156,-1,154,156,157,-1,157,156,141,-1,157,141,140,-1,155,154,158,-1,158,154,159,-1,160,161,162,-1,160,162,163,-1,163,162,158,-1,163,158,159,-1,164,165,166,-1,164,166,167,-1,167,166,168,-1,167,168,169,-1,169,168,170,-1,169,170,171,-1,171,170,172,-1,171,172,173,-1,173,172,161,-1,173,161,160,-1,174,175,176,-1,174,176,177,-1,177,176,178,-1,177,178,179,-1,180,181,152,-1,152,181,153,-1,165,164,182,-1,182,164,183,-1,182,183,184,-1,184,183,185,-1,184,185,186,-1,186,185,187,-1,186,187,188,-1,188,187,189,-1,188,189,190,-1,190,189,191,-1,190,191,178,-1,178,191,192,-1,193,174,194,-1,194,174,195,-1,194,195,180,-1,180,195,181,-1,181,195,153,-1,153,195,174,-1,153,174,177,-1,151,153,183,-1,183,164,151,-1,151,164,167,-1,151,167,149,-1,149,167,169,-1,159,154,163,-1,163,154,157,-1,163,157,160,-1,160,157,140,-1,160,140,173,-1,173,140,143,-1,173,143,171,-1,171,143,145,-1,171,145,169,-1,169,145,147,-1,169,147,149,-1,187,185,189,-1,189,185,183,-1,189,183,191,-1,191,183,153,-1,191,153,192,-1,192,153,177,-1,196,197,198,-1,198,197,199,-1,200,201,202,-1,202,201,203,-1,204,205,206,-1,206,205,207,-1,208,209,210,-1,210,209,211,-1,212,213,214,-1,214,213,215,-1,216,217,218,-1,218,217,219,-1,218,219,196,-1,196,219,197,-1,198,199,200,-1,200,199,201,-1,202,203,204,-1,204,203,205,-1,206,207,208,-1,208,207,209,-1,210,211,212,-1,212,211,213,-1,214,215,216,-1,216,215,217,-1,219,217,197,-1,197,217,215,-1,211,209,213,-1,213,209,207,-1,203,201,205,-1,205,201,199,-1,205,199,207,-1,207,199,197,-1,207,197,213,-1,213,197,215,-1,220,221,222,-1,220,222,223,-1,223,222,224,-1,223,224,225,-1,225,224,226,-1,225,226,227,-1,227,226,228,-1,227,228,229,-1,229,228,230,-1,229,230,231,-1,231,230,232,-1,231,232,233,-1,232,234,233,-1,233,234,235,-1,233,235,236,-1,237,236,238,-1,238,236,235,-1,238,239,237,-1,237,239,240,-1,237,240,241,-1,241,240,242,-1,241,242,243,-1,243,242,244,-1,243,244,245,-1,245,244,246,-1,245,246,247,-1,247,246,248,-1,247,248,249,-1,249,248,250,-1,249,250,251,-1,252,253,254,-1,254,253,255,-1,256,257,258,-1,258,257,259,-1,260,261,262,-1,260,262,263,-1,263,262,264,-1,263,264,265,-1,265,264,266,-1,265,266,267,-1,267,266,268,-1,267,268,269,-1,270,271,272,-1,270,272,273,-1,273,272,274,-1,273,274,275,-1,275,274,276,-1,275,276,277,-1,277,276,261,-1,277,261,260,-1,278,279,280,-1,278,280,281,-1,281,280,282,-1,281,282,283,-1,283,282,284,-1,283,284,285,-1,285,284,271,-1,285,271,270,-1,286,287,288,-1,286,288,289,-1,289,288,290,-1,289,290,291,-1,291,290,292,-1,291,292,293,-1,293,292,279,-1,293,279,278,-1,221,220,252,-1,252,220,253,-1,254,255,250,-1,250,255,251,-1,286,256,287,-1,287,256,258,-1,257,269,259,-1,259,269,268,-1,227,263,225,-1,225,263,265,-1,225,265,223,-1,223,265,267,-1,223,267,220,-1,220,267,269,-1,220,269,253,-1,253,269,257,-1,253,257,255,-1,255,257,256,-1,255,256,251,-1,256,286,251,-1,251,286,289,-1,251,289,249,-1,249,289,291,-1,249,291,247,-1,247,291,293,-1,247,293,245,-1,245,293,278,-1,245,278,243,-1,243,278,281,-1,243,281,241,-1,241,281,283,-1,241,283,237,-1,237,283,285,-1,237,285,236,-1,236,285,270,-1,236,270,233,-1,233,270,273,-1,233,273,231,-1,231,273,275,-1,231,275,229,-1,229,275,277,-1,229,277,227,-1,227,277,260,-1,227,260,263,-1,
        ]
    }
}
Shape{
    appearance Appearance {
        material  Material 	{
            diffuseColor 0.2235294117647059 0.2235294117647059 0.2235294117647059
            specularColor 0.11372549019607843 0.11372549019607843 0.11372549019607843
            ambientIntensity 0.2235
            transparency 0.0
            shininess 0.5
        }
    }
    geometry IndexedFaceSet {
        ccw TRUE
        solid FALSE
        coord DEF co Coordinate {
            point [
                2.4267 0.4062 0.5958, 2.4264 0.4076 0.5972, 2.4319 0.3738 0.6771, 2.4322 0.3719 0.5846, 2.4296 0.3885 0.5866, 2.428 0.3985 0.5905, 2.4255 0.4133 0.6041, 2.4247 0.4176 0.613, 2.4243 0.42 0.6238, 2.4242 0.4205 0.6321, 2.4246 0.4187 0.6471, 2.4254 0.4139 0.649, 2.4251 0.4153 0.6559, 2.4259 0.4106 0.6626, 2.4265 0.4073 0.6659, 2.4278 0.3994 0.6713, 2.4295 0.3892 0.6752, 2.4348 0.3545 0.5846, 2.4321 0.3726 0.6772, 2.4348 0.3545 0.6772
            ]
        }
        coordIndex [
            0,1,2,-1,3,4,2,-1,2,4,5,-1,2,5,0,-1,1,6,2,-1,2,6,7,-1,2,7,8,-1,9,10,11,-1,11,10,12,-1,12,13,11,-1,11,13,14,-1,11,14,15,-1,8,9,2,-1,2,9,11,-1,2,11,16,-1,16,11,15,-1,3,2,17,-1,17,2,18,-1,17,18,19,-1,
        ]
    }
}
Shape{
    appearance Appearance {
        material  Material 	{
            diffuseColor 1.0 1.0 1.0
            specularColor 0.5019607843137255 0.5019607843137255 0.5019607843137255
            ambientIntensity 1.0
            transparency 0.0
            shininess 0.5
        }
    }
    geometry IndexedFaceSet {
        ccw TRUE
        solid FALSE
        coord DEF co Coordinate {
            point [
                2.4101 0.4973 0.6757, 2.4097 0.4973 0.6757, 2.4094 0.4984 0.6706, 2.4098 0.4984 0.6706, 2.4093 0.4992 0.6673, 2.4097 0.4992 0.6673, 2.4105 0.495 0.6673, 2.4101 0.495 0.6673, 2.41 0.4958 0.6709, 2.4104 0.4958 0.6709, 2.4097 0.4969 0.6757, 2.4101 0.4969 0.6757, 2.4079 0.5057 0.691, 2.4083 0.5057 0.691, 2.3978 0.5515 0.5709, 2.3982 0.5515 0.5709, 2.4113 0.4892 0.691, 2.4117 0.4892 0.691, 2.4201 0.4434 0.5709, 2.4205 0.4434 0.5709, 2.4169 0.4605 0.5709, 2.4173 0.4605 0.5709, 2.4147 0.4721 0.6038, 2.4151 0.4721 0.6038, 2.4044 0.5221 0.6038, 2.4048 0.5221 0.6038, 2.4017 0.5344 0.5709, 2.4021 0.5344 0.5709, 2.4142 0.477 0.6174, 2.4058 0.5173 0.6174, 2.4138 0.477 0.6174, 2.4054 0.5173 0.6174
            ]
        }
        coordIndex [
            0,1,2,-1,0,2,3,-1,3,2,4,-1,3,4,5,-1,6,7,8,-1,6,8,9,-1,9,8,10,-1,9,10,11,-1,12,13,14,-1,14,13,15,-1,16,17,12,-1,12,17,13,-1,18,19,16,-1,16,19,17,-1,20,21,18,-1,18,21,19,-1,22,23,20,-1,20,23,21,-1,24,25,22,-1,22,25,23,-1,26,27,24,-1,24,27,25,-1,14,15,26,-1,26,15,27,-1,28,29,30,-1,30,29,31,-1,29,5,31,-1,31,5,4,-1,0,11,1,-1,1,11,10,-1,6,28,7,-1,7,28,30,-1,28,23,29,-1,29,23,25,-1,6,17,28,-1,28,17,19,-1,28,19,23,-1,23,19,21,-1,6,9,17,-1,17,9,11,-1,17,11,13,-1,13,11,0,-1,13,0,3,-1,3,5,13,-1,13,5,29,-1,13,29,15,-1,15,29,25,-1,15,25,27,-1,
        ]
    }
}
Shape{
    appearance Appearance {
        material  Material 	{
            diffuseColor 0.2235294117647059 0.2235294117647059 0.2235294117647059
            specularColor 0.11372549019607843 0.11372549019607843 0.11372549019607843
            ambientIntensity 0.2235
            transparency 0.0
            shininess 0.5
        }
    }
    geometry IndexedFaceSet {
        ccw TRUE
        solid FALSE
        coord DEF co Coordinate {
            point [
                2.4097 0.4973 0.6757, 2.4097 0.4969 0.6757, 2.4094 0.4984 0.6706, 2.41 0.4958 0.6709, 2.4093 0.4992 0.6673, 2.4101 0.495 0.6673, 2.4054 0.5173 0.6174, 2.4138 0.477 0.6174
            ]
        }
        coordIndex [
            0,1,2,-1,2,1,3,-1,2,3,4,-1,4,3,5,-1,4,5,6,-1,6,5,7,-1,
        ]
    }
}
Shape{
    appearance Appearance {
        material  Material 	{
            diffuseColor 1.0 1.0 1.0
            specularColor 0.5019607843137255 0.5019607843137255 0.5019607843137255
            ambientIntensity 1.0
            transparency 0.0
            shininess 0.5
        }
    }
    geometry IndexedFaceSet {
        ccw TRUE
        solid FALSE
        coord DEF co Coordinate {
            point [
                2.4543 -0.1793 0.6901, 2.4539 -0.1793 0.6901, 2.4536 -0.1832 0.7179, 2.454 -0.1832 0.7179, 2.4528 -0.1936 0.744, 2.4532 -0.1936 0.744, 2.4514 -0.2111 0.7683, 2.4518 -0.2111 0.7683, 2.4493 -0.2342 0.7879, 2.4497 -0.2342 0.7879, 2.4467 -0.2596 0.8005, 2.4471 -0.2596 0.8005, 2.4462 -0.2638 0.8019, 2.4466 -0.2638 0.8019, 2.4444 -0.2804 0.8347, 2.4448 -0.2804 0.8347, 2.4408 -0.3099 0.8694, 2.4412 -0.3099 0.8694, 2.4364 -0.3432 0.8925, 2.4368 -0.3432 0.8925, 2.43 -0.3855 0.9089, 2.4304 -0.3855 0.9089, 2.4233 -0.4261 0.9138, 2.4237 -0.4261 0.9138, 2.4216 -0.4353 0.9128, 2.4184 -0.4546 0.9106, 2.4162 -0.4645 0.9095, 2.4166 -0.4645 0.9095, 2.4082 -0.5042 0.8952, 2.4086 -0.5042 0.8952, 2.403 -0.5286 0.8805, 2.4034 -0.5286 0.8805, 2.3985 -0.5486 0.8633, 2.3989 -0.5486 0.8633, 2.3944 -0.5661 0.8429, 2.3948 -0.5661 0.8429, 2.3921 -0.576 0.8438, 2.3925 -0.576 0.8438, 2.3897 -0.5858 0.8446, 2.3901 -0.5858 0.8446, 2.3812 -0.6194 0.8405, 2.3816 -0.6194 0.8405, 2.3727 -0.651 0.8282, 2.3732 -0.651 0.8282, 2.3651 -0.6782 0.8091, 2.3655 -0.6782 0.8091, 2.3635 -0.684 0.8036, 2.3639 -0.684 0.8036, 2.3574 -0.7045 0.7773, 2.3578 -0.7045 0.7773, 2.3533 -0.7181 0.7466, 2.3537 -0.7181 0.7466, 2.3531 -0.7186 0.7437, 2.352 -0.7239 0.7145, 2.3516 -0.7239 0.7145, 2.3515 -0.7241 0.7063, 2.3519 -0.7241 0.7063, 2.3527 -0.72 0.6729, 2.3532 -0.72 0.6729, 2.3531 -0.7186 0.6694, 2.3569 -0.7077 0.6411, 2.3565 -0.7077 0.6411, 2.3622 -0.6882 0.6132, 2.3626 -0.6882 0.6132, 2.3698 -0.6616 0.5905, 2.3702 -0.6616 0.5905, 2.3782 -0.6307 0.5754, 2.3786 -0.6307 0.5754, 2.3811 -0.6199 0.5722, 2.3815 -0.6199 0.5722, 2.3833 -0.6114 0.5539, 2.3837 -0.6114 0.5539, 2.3865 -0.5987 0.5382, 2.3869 -0.5987 0.5382, 2.3906 -0.582 0.5256, 2.391 -0.582 0.5256, 2.3953 -0.5623 0.5174, 2.3957 -0.5623 0.5174, 2.4 -0.5421 0.5142, 2.4004 -0.5421 0.5142, 2.4007 -0.5388 0.5142, 2.4011 -0.5388 0.5142, 2.4053 -0.5181 0.5167, 2.4057 -0.5181 0.5167, 2.4093 -0.4991 0.524, 2.4097 -0.4991 0.524, 2.4127 -0.4821 0.5359, 2.4131 -0.4821 0.5359, 2.4153 -0.469 0.5506, 2.4157 -0.469 0.5506, 2.4173 -0.4589 0.5696, 2.4177 -0.4589 0.5696, 2.4185 -0.4546 0.5876, 2.4182 -0.4539 0.5907, 2.4186 -0.4539 0.5907, 2.4183 -0.4534 0.5995, 2.4187 -0.4534 0.5995, 2.4183 -0.4534 0.6081, 2.4187 -0.4534 0.6081, 2.4146 -0.4748 0.6568, 2.4142 -0.4748 0.6568, 2.4112 -0.4897 0.6703, 2.4116 -0.4897 0.6703, 2.4075 -0.5078 0.6801, 2.4079 -0.5078 0.6801, 2.403 -0.5284 0.6852, 2.4034 -0.5284 0.6852, 2.4007 -0.5388 0.6858, 2.4011 -0.5388 0.6858, 2.3961 -0.5592 0.6833, 2.3965 -0.5592 0.6833, 2.3916 -0.578 0.6761, 2.392 -0.578 0.6761, 2.3873 -0.5955 0.6639, 2.3877 -0.5955 0.6639, 2.3837 -0.6096 0.6478, 2.3841 -0.6096 0.6478, 2.3813 -0.6191 0.6294, 2.3817 -0.6191 0.6294, 2.3764 -0.6377 0.6409, 2.3768 -0.6377 0.6409, 2.3722 -0.653 0.6566, 2.3726 -0.653 0.6566, 2.3694 -0.6632 0.674, 2.3698 -0.6632 0.674, 2.3687 -0.6669 0.6842, 2.3683 -0.6669 0.6842, 2.3681 -0.6693 0.6949, 2.3677 -0.6693 0.6949, 2.3674 -0.6703 0.708, 2.3678 -0.6703 0.708, 2.3681 -0.6678 0.7287, 2.3685 -0.6678 0.7287, 2.3701 -0.6604 0.7477, 2.3706 -0.6604 0.7477, 2.3734 -0.6486 0.7647, 2.3738 -0.6486 0.7647, 2.3774 -0.6339 0.7778, 2.3778 -0.6339 0.7778, 2.3824 -0.6149 0.7879, 2.3828 -0.6149 0.7879, 2.3877 -0.5938 0.7929, 2.3881 -0.5938 0.7929, 2.3899 -0.5849 0.7934, 2.3903 -0.5849 0.7934, 2.3947 -0.5649 0.7909, 2.3951 -0.5649 0.7909, 2.3991 -0.5458 0.7839, 2.3995 -0.5458 0.7839, 2.4005 -0.5397 0.7806, 2.4009 -0.5397 0.7806, 2.4177 -0.4567 0.8585, 2.4127 -0.4846 0.8472, 2.4122 -0.4846 0.8472, 2.4079 -0.5075 0.8305, 2.4075 -0.5075 0.8305, 2.4038 -0.5266 0.8076, 2.4034 -0.5266 0.8076, 2.4234 -0.4252 0.8626, 2.4238 -0.4252 0.8626, 2.4216 -0.4353 0.8613, 2.4185 -0.4546 0.8588, 2.4181 -0.4567 0.8585, 2.4283 -0.3963 0.859, 2.4287 -0.3963 0.859, 2.4325 -0.3695 0.8487, 2.4329 -0.3695 0.8487, 2.4361 -0.3455 0.8321, 2.4365 -0.3455 0.8321, 2.4364 -0.3433 0.8301, 2.4368 -0.3433 0.8301, 2.439 -0.3241 0.8071, 2.4394 -0.3241 0.8071, 2.4407 -0.3109 0.7796, 2.4411 -0.3109 0.7796, 2.4414 -0.3057 0.7558, 2.4418 -0.3057 0.7558, 2.4426 -0.2988 0.7558, 2.4422 -0.2988 0.7558, 2.4441 -0.2826 0.7538, 2.4445 -0.2826 0.7538, 2.4458 -0.2677 0.7481, 2.4462 -0.2677 0.7481, 2.4472 -0.2545 0.7388, 2.4476 -0.2545 0.7388, 2.4482 -0.2446 0.7278, 2.4486 -0.2446 0.7278, 2.449 -0.2367 0.7131, 2.4494 -0.2367 0.7131, 2.4494 -0.2327 0.6967, 2.4498 -0.2327 0.6967, 2.4494 -0.2322 0.6892, 2.4498 -0.2322 0.6892, 2.4493 -0.2343 0.6726, 2.4496 -0.2343 0.6726, 2.4487 -0.2402 0.6574, 2.4491 -0.2402 0.6574, 2.4477 -0.2496 0.644, 2.4481 -0.2496 0.644, 2.4476 -0.2507 0.6428, 2.448 -0.2507 0.6428, 2.4463 -0.2633 0.6325, 2.4467 -0.2633 0.6325, 2.4446 -0.2784 0.6255, 2.445 -0.2784 0.6255, 2.4428 -0.2937 0.6226, 2.4432 -0.2937 0.6226, 2.4383 -0.3321 0.6226, 2.4379 -0.3321 0.6226, 2.4377 -0.3339 0.6229, 2.4381 -0.3339 0.6228, 2.4373 -0.3364 0.6234, 2.4377 -0.3365 0.6233, 2.4372 -0.3373 0.6235, 2.4376 -0.3373 0.6235, 2.4363 -0.3439 0.6226, 2.4367 -0.3439 0.6226, 2.4354 -0.3497 0.6203, 2.4358 -0.3497 0.6203, 2.4347 -0.355 0.6166, 2.4351 -0.355 0.6166, 2.4342 -0.3585 0.6127, 2.4346 -0.3585 0.6127, 2.4337 -0.3618 0.6069, 2.4341 -0.3618 0.6069, 2.4334 -0.3635 0.6004, 2.4338 -0.3635 0.6004, 2.4334 -0.3637 0.597, 2.4338 -0.3637 0.597, 2.4335 -0.3629 0.5906, 2.4339 -0.3629 0.5906, 2.4339 -0.3607 0.5848, 2.4343 -0.3607 0.5848, 2.4344 -0.357 0.5795, 2.4348 -0.357 0.5795, 2.4347 -0.355 0.5775, 2.4351 -0.355 0.5775, 2.4355 -0.3494 0.5735, 2.4359 -0.3494 0.5735, 2.4363 -0.3438 0.5713, 2.4367 -0.3438 0.5713, 2.437 -0.339 0.5705, 2.4374 -0.339 0.5705, 2.4438 -0.2886 0.5705, 2.4434 -0.2886 0.5705, 2.4466 -0.2602 0.5765, 2.447 -0.2602 0.5765, 2.4493 -0.2341 0.5893, 2.4497 -0.2341 0.5893, 2.4514 -0.2109 0.6089, 2.4518 -0.2109 0.6089, 2.4528 -0.1939 0.6325, 2.4532 -0.1939 0.6325, 2.4536 -0.1832 0.6596, 2.454 -0.1832 0.6596, 2.4009 -0.5397 0.632, 2.4005 -0.5397 0.632, 2.4018 -0.5339 0.6315, 2.4022 -0.5339 0.6315, 2.4036 -0.5258 0.629, 2.404 -0.5258 0.629, 2.4051 -0.5187 0.6246, 2.4055 -0.5187 0.6246, 2.4064 -0.513 0.6187, 2.4068 -0.513 0.6187, 2.4072 -0.509 0.6118, 2.4076 -0.509 0.6118, 2.4077 -0.5068 0.604, 2.4081 -0.5068 0.604, 2.4077 -0.5065 0.5958, 2.4081 -0.5065 0.5958, 2.4074 -0.5083 0.5875, 2.4078 -0.5083 0.5875, 2.4066 -0.5121 0.58, 2.407 -0.5121 0.58, 2.4054 -0.5175 0.5738, 2.4058 -0.5175 0.5738, 2.404 -0.5241 0.5693, 2.4044 -0.5241 0.5693, 2.4023 -0.5315 0.5664, 2.4027 -0.5315 0.5664, 2.4005 -0.5397 0.5654, 2.4009 -0.5397 0.5654, 2.3988 -0.5474 0.5663, 2.3992 -0.5474 0.5663, 2.397 -0.5553 0.5693, 2.3974 -0.5553 0.5693, 2.3954 -0.5621 0.5741, 2.3958 -0.5621 0.5741, 2.3941 -0.5675 0.5804, 2.3945 -0.5675 0.5804, 2.3933 -0.571 0.5874, 2.3937 -0.571 0.5874, 2.3928 -0.5728 0.5954, 2.3932 -0.5728 0.5954, 2.3929 -0.5726 0.6037, 2.3933 -0.5726 0.6037, 2.3935 -0.5717 0.6078, 2.3931 -0.5717 0.6078, 2.3938 -0.5703 0.6118, 2.3934 -0.5703 0.6118, 2.3944 -0.566 0.619, 2.3948 -0.566 0.619, 2.3954 -0.5619 0.6234, 2.3958 -0.5619 0.6234, 2.397 -0.5552 0.6281, 2.3974 -0.5552 0.6281, 2.3987 -0.5477 0.631, 2.3991 -0.5477 0.631, 2.4377 -0.3339 0.6713, 2.4381 -0.3339 0.6713, 2.4212 -0.4352 0.6177, 2.4339 -0.3603 0.7165, 2.4343 -0.3603 0.7165, 2.421 -0.4352 0.6774, 2.4181 -0.4545 0.6673
            ]
        }
        coordIndex [
            0,1,2,-1,0,2,3,-1,3,2,4,-1,3,4,5,-1,5,4,6,-1,5,6,7,-1,7,6,8,-1,7,8,9,-1,9,8,10,-1,9,10,11,-1,11,10,12,-1,11,12,13,-1,13,12,14,-1,13,14,15,-1,15,14,16,-1,15,16,17,-1,17,16,18,-1,17,18,19,-1,19,18,20,-1,19,20,21,-1,21,20,22,-1,21,22,23,-1,23,22,24,-1,23,24,25,-1,25,24,26,-1,25,26,27,-1,27,26,28,-1,27,28,29,-1,29,28,30,-1,29,30,31,-1,31,30,32,-1,31,32,33,-1,33,32,34,-1,33,34,35,-1,35,34,36,-1,35,36,37,-1,37,36,38,-1,37,38,39,-1,39,38,40,-1,39,40,41,-1,41,40,42,-1,41,42,43,-1,43,42,44,-1,43,44,45,-1,45,44,46,-1,45,46,47,-1,47,46,48,-1,47,48,49,-1,49,48,50,-1,49,50,51,-1,51,50,52,-1,51,52,53,-1,52,54,53,-1,53,54,55,-1,53,55,56,-1,56,55,57,-1,56,57,58,-1,58,57,59,-1,58,59,60,-1,59,61,60,-1,60,61,62,-1,60,62,63,-1,63,62,64,-1,63,64,65,-1,65,64,66,-1,65,66,67,-1,67,66,68,-1,67,68,69,-1,69,68,70,-1,69,70,71,-1,71,70,72,-1,71,72,73,-1,73,72,74,-1,73,74,75,-1,75,74,76,-1,75,76,77,-1,77,76,78,-1,77,78,79,-1,79,78,80,-1,79,80,81,-1,81,80,82,-1,81,82,83,-1,83,82,84,-1,83,84,85,-1,85,84,86,-1,85,86,87,-1,87,86,88,-1,87,88,89,-1,89,88,90,-1,89,90,91,-1,91,90,92,-1,92,90,93,-1,92,93,94,-1,94,93,95,-1,94,95,96,-1,97,98,95,-1,95,98,96,-1,99,100,101,-1,99,101,102,-1,102,101,103,-1,102,103,104,-1,104,103,105,-1,104,105,106,-1,106,105,107,-1,106,107,108,-1,108,107,109,-1,108,109,110,-1,110,109,111,-1,110,111,112,-1,112,111,113,-1,112,113,114,-1,114,113,115,-1,114,115,116,-1,116,115,117,-1,116,117,118,-1,118,117,119,-1,118,119,120,-1,120,119,121,-1,120,121,122,-1,122,121,123,-1,122,123,124,-1,124,123,125,-1,125,123,126,-1,125,126,127,-1,126,128,127,-1,127,128,129,-1,127,129,130,-1,130,129,131,-1,130,131,132,-1,132,131,133,-1,132,133,134,-1,134,133,135,-1,134,135,136,-1,136,135,137,-1,136,137,138,-1,138,137,139,-1,138,139,140,-1,140,139,141,-1,140,141,142,-1,142,141,143,-1,142,143,144,-1,144,143,145,-1,144,145,146,-1,146,145,147,-1,146,147,148,-1,148,147,149,-1,148,149,150,-1,151,152,153,-1,153,152,154,-1,153,154,155,-1,155,154,156,-1,155,156,157,-1,157,156,150,-1,157,150,149,-1,158,159,160,-1,160,159,161,-1,160,161,151,-1,151,161,162,-1,151,162,152,-1,159,158,163,-1,159,163,164,-1,164,163,165,-1,164,165,166,-1,166,165,167,-1,166,167,168,-1,168,167,169,-1,168,169,170,-1,170,169,171,-1,170,171,172,-1,172,171,173,-1,172,173,174,-1,174,173,175,-1,174,175,176,-1,177,178,179,-1,177,179,180,-1,180,179,181,-1,180,181,182,-1,182,181,183,-1,182,183,184,-1,184,183,185,-1,184,185,186,-1,186,185,187,-1,186,187,188,-1,188,187,189,-1,188,189,190,-1,190,189,191,-1,190,191,192,-1,192,191,193,-1,192,193,194,-1,194,193,195,-1,194,195,196,-1,196,195,197,-1,196,197,198,-1,198,197,199,-1,198,199,200,-1,200,199,201,-1,200,201,202,-1,202,201,203,-1,202,203,204,-1,204,203,205,-1,204,205,206,-1,207,208,209,-1,207,209,210,-1,210,209,211,-1,210,211,212,-1,212,211,213,-1,212,213,214,-1,214,213,215,-1,214,215,216,-1,216,215,217,-1,216,217,218,-1,218,217,219,-1,218,219,220,-1,220,219,221,-1,220,221,222,-1,222,221,223,-1,222,223,224,-1,224,223,225,-1,224,225,226,-1,226,225,227,-1,226,227,228,-1,228,227,229,-1,228,229,230,-1,230,229,231,-1,230,231,232,-1,232,231,233,-1,232,233,234,-1,234,233,235,-1,234,235,236,-1,236,235,237,-1,236,237,238,-1,238,237,239,-1,238,239,240,-1,240,239,241,-1,240,241,242,-1,243,244,245,-1,243,245,246,-1,246,245,247,-1,246,247,248,-1,248,247,249,-1,248,249,250,-1,250,249,251,-1,250,251,252,-1,252,251,253,-1,252,253,254,-1,254,253,1,-1,254,1,0,-1,255,256,257,-1,255,257,258,-1,258,257,259,-1,258,259,260,-1,260,259,261,-1,260,261,262,-1,262,261,263,-1,262,263,264,-1,264,263,265,-1,264,265,266,-1,266,265,267,-1,266,267,268,-1,268,267,269,-1,268,269,270,-1,270,269,271,-1,270,271,272,-1,272,271,273,-1,272,273,274,-1,274,273,275,-1,274,275,276,-1,276,275,277,-1,276,277,278,-1,278,277,279,-1,278,279,280,-1,280,279,281,-1,280,281,282,-1,282,281,283,-1,282,283,284,-1,284,283,285,-1,284,285,286,-1,286,285,287,-1,286,287,288,-1,288,287,289,-1,288,289,290,-1,290,289,291,-1,290,291,292,-1,292,291,293,-1,292,293,294,-1,294,293,295,-1,294,295,296,-1,296,295,297,-1,297,295,298,-1,297,298,299,-1,298,300,299,-1,299,300,301,-1,299,301,302,-1,302,301,303,-1,302,303,304,-1,304,303,305,-1,304,305,306,-1,306,305,307,-1,306,307,308,-1,308,307,256,-1,308,256,255,-1,309,310,311,-1,311,310,98,-1,311,98,97,-1,312,313,309,-1,309,313,310,-1,313,312,314,-1,313,314,315,-1,315,314,100,-1,315,100,99,-1,178,177,175,-1,175,177,176,-1,208,207,205,-1,205,207,206,-1,244,243,241,-1,241,243,242,-1,71,73,118,-1,176,177,13,-1,13,177,180,-1,13,180,11,-1,11,180,182,-1,11,182,9,-1,9,182,7,-1,182,184,7,-1,7,184,186,-1,7,186,5,-1,5,186,188,-1,5,188,3,-1,3,188,190,-1,3,190,0,-1,0,190,192,-1,0,192,254,-1,254,192,194,-1,254,194,252,-1,252,194,196,-1,252,196,250,-1,196,198,250,-1,250,198,200,-1,250,200,248,-1,248,200,202,-1,248,202,246,-1,246,202,204,-1,246,204,243,-1,243,204,206,-1,243,206,242,-1,242,206,207,-1,242,207,240,-1,218,212,216,-1,216,212,214,-1,218,220,212,-1,212,220,222,-1,212,222,224,-1,224,226,212,-1,212,226,228,-1,212,228,230,-1,230,232,212,-1,212,232,234,-1,212,234,236,-1,207,210,240,-1,240,210,212,-1,240,212,238,-1,238,212,236,-1,168,170,17,-1,17,170,15,-1,15,170,172,-1,15,172,13,-1,13,172,174,-1,13,174,176,-1,258,260,99,-1,258,99,255,-1,266,315,264,-1,264,315,99,-1,264,99,262,-1,262,99,260,-1,284,79,282,-1,282,79,81,-1,282,81,280,-1,280,81,83,-1,280,83,278,-1,278,83,85,-1,278,85,276,-1,276,85,87,-1,276,87,274,-1,274,87,89,-1,274,89,272,-1,272,89,91,-1,272,91,270,-1,270,91,92,-1,270,92,268,-1,288,73,286,-1,286,73,75,-1,286,75,284,-1,284,75,77,-1,284,77,79,-1,288,290,73,-1,73,290,292,-1,73,292,118,-1,118,292,294,-1,118,294,296,-1,296,297,118,-1,118,297,299,-1,118,299,116,-1,116,299,302,-1,116,302,114,-1,114,302,304,-1,114,304,112,-1,112,304,306,-1,112,306,110,-1,110,306,308,-1,104,106,308,-1,308,106,108,-1,308,108,110,-1,255,99,308,-1,308,99,102,-1,308,102,104,-1,152,31,154,-1,154,31,33,-1,154,33,156,-1,156,33,35,-1,156,35,150,-1,168,17,166,-1,166,17,19,-1,166,19,164,-1,164,19,21,-1,164,21,159,-1,159,21,23,-1,159,23,161,-1,161,23,25,-1,161,25,162,-1,162,25,27,-1,162,27,152,-1,152,27,29,-1,152,29,31,-1,120,122,63,-1,63,122,60,-1,60,122,124,-1,60,124,58,-1,124,125,58,-1,58,125,127,-1,58,127,56,-1,56,127,130,-1,56,130,53,-1,53,130,132,-1,53,132,51,-1,51,132,49,-1,49,132,134,-1,49,134,47,-1,47,134,136,-1,47,136,45,-1,45,136,138,-1,45,138,43,-1,43,138,41,-1,41,138,140,-1,41,140,39,-1,140,142,39,-1,39,142,144,-1,39,144,37,-1,37,144,146,-1,37,146,35,-1,35,146,148,-1,35,148,150,-1,63,65,120,-1,120,65,67,-1,120,67,118,-1,118,67,69,-1,118,69,71,-1,98,92,96,-1,96,92,94,-1,310,313,98,-1,98,313,315,-1,98,315,92,-1,92,315,266,-1,92,266,268,-1,
        ]
    }
}
Shape{
    appearance Appearance {
        material  Material 	{
            diffuseColor 0.2235294117647059 0.2235294117647059 0.2235294117647059
            specularColor 0.11372549019607843 0.11372549019607843 0.11372549019607843
            ambientIntensity 0.2235
            transparency 0.0
            shininess 0.5
        }
    }
    geometry IndexedFaceSet {
        ccw TRUE
        solid FALSE
        coord DEF co Coordinate {
            point [
                2.4072 -0.509 0.6118, 2.4064 -0.513 0.6187, 2.404 -0.524 0.6098, 2.4051 -0.5187 0.6246, 2.4036 -0.5258 0.629, 2.4018 -0.5339 0.6315, 2.4005 -0.5397 0.632, 2.4074 -0.5083 0.5875, 2.4077 -0.5065 0.5958, 2.4077 -0.5068 0.604, 2.3987 -0.5477 0.631, 2.397 -0.5552 0.6281, 2.3954 -0.5619 0.6234, 2.3931 -0.5717 0.6078, 2.3934 -0.5703 0.6118, 2.3944 -0.566 0.619, 2.3941 -0.5675 0.5804, 2.3954 -0.5621 0.5741, 2.3968 -0.5561 0.5845, 2.397 -0.5553 0.5693, 2.3988 -0.5474 0.5663, 2.4005 -0.5397 0.5654, 2.3929 -0.5726 0.6037, 2.3928 -0.5728 0.5954, 2.3933 -0.571 0.5874, 2.4023 -0.5315 0.5664, 2.404 -0.5241 0.5693, 2.4054 -0.5175 0.5738, 2.4066 -0.5121 0.58
            ]
        }
        coordIndex [
            0,1,2,-1,2,1,3,-1,3,4,2,-1,2,4,5,-1,2,5,6,-1,7,8,2,-1,2,8,9,-1,2,9,0,-1,6,10,2,-1,2,10,11,-1,2,11,12,-1,13,7,14,-1,14,7,2,-1,14,2,15,-1,15,2,12,-1,16,17,18,-1,17,19,18,-1,18,19,20,-1,18,20,21,-1,22,23,18,-1,18,23,24,-1,18,24,16,-1,21,25,18,-1,18,25,26,-1,18,26,27,-1,13,22,7,-1,7,22,18,-1,7,18,28,-1,28,18,27,-1,
        ]
    }
}